UDI,Product ID,Type,Air temperature [K],Process temperature [K],Rotational speed [rpm],Torque [Nm],Tool wear [min],Machine failure,TWF,HDF,PWF,OSF,RNF
10,M14869,M,298.5,309.0,1741,28.0,21,0,0,0,0,0,0
16,L47195,L,298.6,309.2,1542,48.4,42,0,0,0,0,0,0
19,H29432,H,298.8,309.2,1306,54.5,50,0,0,0,0,0,0
21,H29434,H,298.9,309.3,1375,42.7,58,0,0,0,0,0,0
24,L47203,L,299.0,309.4,1758,25.7,68,0,0,0,0,0,0
32,L47211,L,299.0,309.4,1798,25.5,89,0,0,0,0,0,0
33,L47212,L,299.0,309.4,1419,48.3,91,0,0,0,0,0,0
34,L47213,L,298.9,309.3,1665,32.5,93,0,0,0,0,0,0
37,M14896,M,298.9,309.2,1581,36.7,101,0,0,0,0,0,0
39,H29452,H,298.9,309.2,1379,50.7,106,0,0,0,0,0,0
40,L47219,L,298.8,309.1,1350,52.5,111,0,0,0,0,0,0
43,M14902,M,298.8,309.1,1368,49.1,117,0,0,0,0,0,0
45,M14904,M,298.8,309.1,1472,47.5,125,0,0,0,0,0,0
49,H29462,H,298.8,309.2,1425,53.9,135,0,0,0,0,0,0
50,M14909,M,298.9,309.2,1412,44.1,140,0,0,0,0,0,0
52,L47231,L,298.9,309.1,1383,54.9,145,0,0,0,0,0,0
102,L47281,L,298.8,308.8,1991,20.7,59,0,0,0,0,0,0
107,L47286,L,298.8,308.7,1445,48.5,70,0,0,0,0,0,0
123,L47302,L,299.0,308.8,1310,50.7,112,0,0,0,0,0,0
125,L47304,L,298.9,308.7,1727,29.4,116,0,0,0,0,0,0
126,L47305,L,298.9,308.6,1560,32.2,118,0,0,0,0,0,0
129,L47308,L,299.0,308.6,1587,38.6,124,0,0,0,0,0,0
137,H29550,H,298.7,308.5,1420,45.7,143,0,0,0,0,0,0
138,L47317,L,298.7,308.6,1297,55.3,148,0,0,0,0,0,0
144,H29557,H,298.6,308.4,1407,50.5,164,0,0,0,0,0,0
147,H29560,H,298.5,308.4,1612,36.1,174,0,0,0,0,0,0
148,L47327,L,298.4,308.4,1515,40.1,179,0,0,0,0,0,0
150,L47329,L,298.4,308.3,1473,39.9,184,0,0,0,0,0,0
151,L47330,L,298.4,308.3,1422,42.7,186,0,0,0,0,0,0
154,L47333,L,298.4,308.2,1850,27.0,194,0,0,0,0,0,0
158,H29571,H,298.4,308.2,1478,43.5,206,0,0,0,0,0,0
160,L47339,L,298.4,308.2,1471,47.0,214,0,0,0,0,0,0
164,M15023,M,298.4,308.2,1468,43.8,2,0,0,0,0,0,0
168,H29581,H,298.4,308.3,1458,42.9,15,0,0,0,0,0,0
177,L47356,L,298.2,308.1,1618,34.7,39,0,0,0,0,0,0
181,L47360,L,298.2,308.3,1475,49.9,47,0,0,0,0,0,0
183,M15042,M,298.1,308.2,1342,48.1,54,0,0,0,0,0,0
188,L47367,L,298.2,308.4,1379,43.1,65,0,0,0,0,0,0
192,L47371,L,298.2,308.4,1666,34.6,74,0,0,0,0,0,0
194,H29607,H,298.2,308.4,1678,34.6,81,0,0,0,0,0,0
195,M15054,M,298.2,308.5,2678,10.7,86,1,0,0,1,0,0
196,L47375,L,298.3,308.5,1453,42.9,89,0,0,0,0,0,0
197,H29610,H,298.3,308.6,1432,49.5,91,0,0,0,0,0,0
198,M15057,M,298.4,308.6,1527,40.9,96,0,0,0,0,0,0
204,L47383,L,298.4,308.5,1490,37.9,110,0,0,0,0,0,0
208,M15067,M,298.4,308.7,1421,60.7,119,1,0,0,1,0,0
230,L47409,L,298.3,308.5,1538,32.2,173,0,0,0,0,0,0
233,L47412,L,298.2,308.4,1424,47.6,179,0,0,0,0,0,0
238,M15097,M,298.0,308.1,1552,36.6,190,0,0,0,0,0,0
239,L47418,L,297.9,308.1,1393,50.3,193,0,0,0,0,0,0
242,L47421,L,298.0,308.1,1777,24.3,200,0,0,0,0,0,0
244,L47423,L,298.0,308.2,1442,44.1,204,0,0,0,0,0,0
254,L47433,L,298.0,308.2,1357,48.2,7,0,0,0,0,0,0
256,L47435,L,298.0,308.2,1489,40.4,11,0,0,0,0,0,0
259,L47438,L,298.1,308.2,1482,37.9,17,0,0,0,0,0,0
266,L47445,L,298.0,308.1,1454,37.1,35,0,0,0,0,0,0
270,L47449,L,298.0,308.0,1524,37.0,49,0,0,0,0,0,0
278,H29691,H,298.0,308.0,1479,50.7,70,0,0,0,0,0,0
285,L47464,L,298.2,308.3,2051,19.2,90,0,0,0,0,0,0
286,L47465,L,298.2,308.3,1568,36.0,92,0,0,0,0,0,0
287,L47466,L,298.2,308.3,1589,33.2,94,0,0,0,0,0,0
290,L47469,L,298.1,308.4,1436,46.7,103,0,0,0,0,0,0
296,M15155,M,298.1,308.6,1716,30.7,119,0,0,0,0,0,0
302,L47481,L,297.7,308.4,1740,27.1,136,0,0,0,0,0,0
309,L47488,L,297.9,308.5,1305,47.2,155,0,0,0,0,0,0
317,L47496,L,297.8,308.4,1714,33.2,177,0,0,0,0,0,0
326,L47505,L,297.8,308.5,1699,27.8,199,0,0,0,0,0,0
331,M15190,M,297.6,308.4,1398,41.9,215,0,0,0,0,0,0
334,L47513,L,297.5,308.2,1647,31.3,3,0,0,0,0,0,0
335,M15194,M,297.5,308.1,1469,44.8,5,0,0,0,0,0,0
339,L47518,L,297.5,308.2,1563,38.2,15,0,0,0,0,0,0
340,M15199,M,297.5,308.2,1713,32.2,17,0,0,0,0,0,0
348,L47527,L,297.5,308.3,1544,40.8,37,0,0,0,0,0,0
356,L47535,L,297.6,308.3,1623,36.9,61,0,0,0,0,0,0
357,M15216,M,297.6,308.4,1398,48.9,63,0,0,0,0,0,0
370,H29783,H,297.5,308.4,1587,36.1,98,0,0,0,0,0,0
384,M15243,M,297.5,308.6,1842,27.0,133,0,0,0,0,0,0
391,L47570,L,297.6,308.7,1460,46.7,150,0,0,0,0,0,0
392,L47571,L,297.6,308.6,1491,38.1,152,0,0,0,0,0,0
394,M15253,M,297.5,308.4,1350,52.2,157,0,0,0,0,0,0
395,L47574,L,297.5,308.4,1528,39.9,160,0,0,0,0,0,0
397,L47576,L,297.4,308.3,1490,42.6,164,0,0,0,0,0,0
399,H29812,H,297.4,308.3,1502,43.6,169,0,0,0,0,0,0
403,L47582,L,297.4,308.6,1678,32.3,180,0,0,0,0,0,0
405,L47584,L,297.3,308.6,1297,45.9,184,0,0,0,0,0,0
408,M15267,M,297.4,308.5,1600,42.1,190,0,0,0,0,0,0
409,M15268,M,297.4,308.6,1434,44.4,193,0,0,0,0,0,0
411,M15270,M,297.5,308.6,1472,44.9,198,0,0,0,0,0,0
412,L47591,L,297.5,308.7,1429,44.3,201,0,0,0,0,0,0
421,M15280,M,297.3,308.3,1301,39.6,5,0,0,0,0,0,0
430,L47609,L,297.5,308.6,1208,62.3,28,0,0,0,0,0,0
435,M15294,M,297.5,308.5,1484,44.7,40,0,0,0,0,0,0
437,L47616,L,297.3,308.3,1504,36.3,45,0,0,0,0,0,0
439,L47618,L,297.4,308.4,1341,52.2,49,0,0,0,0,0,0
456,L47635,L,297.4,308.7,1429,57.4,96,0,0,0,0,0,0
464,L47643,L,297.4,308.7,2874,4.2,118,1,0,0,1,0,0
468,L47647,L,297.2,308.5,2182,16.5,127,0,0,0,0,0,0
471,H29884,H,297.3,308.8,1499,44.2,134,0,0,0,0,0,0
479,L47658,L,297.4,309.0,1833,22.6,161,0,0,0,0,0,0
480,M15339,M,297.4,308.9,1323,57.3,163,0,0,0,0,0,0
484,L47663,L,297.4,309.0,1324,56.9,173,0,0,0,0,0,0
501,M15360,M,297.5,309.2,1804,27.4,215,0,0,0,0,0,0
504,M15363,M,297.6,309.2,1442,48.1,0,0,0,0,0,0,0
506,L47685,L,297.6,309.3,1610,35.0,6,0,0,0,0,0,0
508,H29921,H,297.8,309.4,1445,48.2,10,0,0,0,0,0,0
512,L47691,L,297.5,309.3,1479,39.4,22,0,0,0,0,0,0
513,L47692,L,297.5,309.2,1426,44.8,24,0,0,0,0,0,0
516,L47695,L,297.5,309.2,1715,28.0,30,0,0,0,0,0,0
525,L47704,L,297.4,309.4,1620,35.4,51,0,0,0,0,0,0
526,L47705,L,297.4,309.4,1466,45.5,53,0,0,0,0,0,0
536,H29949,H,297.4,309.3,1365,52.4,76,0,0,0,0,0,0
538,H29951,H,297.4,309.3,1516,43.0,83,0,0,0,0,0,0
542,L47721,L,297.4,309.4,1296,52.3,96,0,0,0,0,0,0
543,L47722,L,297.5,309.4,1803,24.7,98,0,0,0,0,0,0
545,M15404,M,297.5,309.4,1831,26.6,105,0,0,0,0,0,0
549,L47728,L,297.4,309.3,1332,53.2,115,0,0,0,0,0,0
558,M15417,M,297.5,309.4,1433,48.3,139,0,0,0,0,0,0
560,L47739,L,297.5,309.4,1503,40.6,144,0,0,0,0,0,0
568,M15427,M,297.7,309.7,1680,30.2,168,0,0,0,0,0,0
575,M15434,M,297.9,310.0,1439,41.7,185,0,0,0,0,0,0
578,L47757,L,297.7,309.7,1591,37.7,196,0,0,0,0,0,0
582,L47761,L,297.8,309.7,1394,42.9,206,0,0,0,0,0,0
590,L47769,L,297.6,309.4,1491,40.2,231,0,0,0,0,0,0
592,H30005,H,297.5,309.3,1525,41.7,235,0,0,0,0,0,0
596,M15455,M,297.6,309.6,1330,53.1,7,0,0,0,0,0,0
598,H30011,H,297.6,309.6,1428,46.6,13,0,0,0,0,0,0
606,M15465,M,297.9,309.8,1693,29.9,35,0,0,0,0,0,0
616,L47795,L,298.1,309.9,1642,30.4,58,0,0,0,0,0,0
617,H30030,H,298.1,309.9,1686,29.1,60,0,0,0,0,0,0
639,L47818,L,298.0,309.6,1536,37.3,120,0,0,0,0,0,0
646,L47825,L,297.7,309.4,1392,44.1,140,0,0,0,0,0,0
647,M15506,M,297.7,309.4,1461,43.7,142,0,0,0,0,0,0
652,L47831,L,297.6,309.1,1503,38.9,157,0,0,0,0,0,0
653,L47832,L,297.7,309.2,1391,44.5,159,0,0,0,0,0,0
654,L47833,L,297.8,309.3,2015,20.1,161,0,0,0,0,0,0
670,H30083,H,297.5,308.9,1471,37.7,197,0,0,0,0,0,0
674,L47853,L,297.6,308.9,1449,47.7,209,0,0,0,0,0,0
679,M15538,M,297.8,309.2,1295,61.2,12,0,0,0,0,0,0
702,L47881,L,297.7,308.8,1515,40.1,82,0,0,0,0,0,0
711,M15570,M,297.5,308.7,1697,28.1,107,0,0,0,0,0,0
712,L47891,L,297.5,308.7,1443,46.2,110,0,0,0,0,0,0
723,L47902,L,297.5,308.9,1427,44.7,135,0,0,0,0,0,0
732,M15591,M,297.3,308.6,1431,53.0,160,0,0,0,0,0,0
741,M15600,M,296.9,308.4,1450,46.9,186,0,0,0,0,0,0
753,L47932,L,296.9,308.1,1422,48.7,215,0,0,0,0,0,0
755,M15614,M,296.9,308.1,1483,44.3,219,0,0,0,0,0,0
763,M15622,M,296.7,307.8,1286,60.5,0,0,0,0,0,0,0
767,L47946,L,296.8,308.0,1561,38.3,9,0,0,0,0,0,0
780,L47959,L,296.8,308.0,1666,29.8,41,0,0,0,0,0,0
791,L47970,L,296.8,307.9,1420,45.4,70,0,0,0,0,0,0
796,L47975,L,296.9,307.8,1605,37.0,84,0,0,0,0,0,0
799,M15658,M,296.9,307.8,1828,24.6,91,0,0,0,0,0,0
807,M15666,M,297.0,307.9,1422,53.0,115,0,0,0,0,0,0
819,L47998,L,296.8,307.6,1304,48.7,142,0,0,0,0,0,0
822,L48001,L,296.7,307.6,1474,41.7,148,0,0,0,0,0,0
828,L48007,L,296.5,307.3,1501,42.1,162,0,0,0,0,0,0
841,L48020,L,296.6,307.5,1582,37.9,197,0,0,0,0,0,0
845,L48024,L,296.5,307.5,1566,35.1,206,0,0,0,0,0,0
852,M15711,M,296.2,307.2,1389,48.6,7,0,0,0,0,0,0
855,M15714,M,296.3,307.3,1498,41.6,15,0,0,0,0,0,0
857,L48036,L,296.1,307.1,1898,22.7,20,0,0,0,0,0,0
860,H30273,H,296.2,307.0,1542,40.6,28,0,0,0,0,0,0
862,M15721,M,296.1,306.9,1951,23.3,38,0,0,0,0,0,0
863,H30276,H,296.1,306.8,1645,31.0,41,0,0,0,0,0,0
864,L48043,L,296.0,306.7,1416,44.2,46,0,0,0,0,0,0
865,M15724,M,296.0,306.7,2044,22.3,48,0,0,0,0,0,0
866,L48045,L,295.9,306.6,1414,50.2,51,0,0,0,0,0,0
873,M15732,M,295.8,306.4,1335,51.7,69,0,0,0,0,0,0
886,L48065,L,295.7,306.2,1397,52.0,101,0,0,0,0,0,0
888,H30301,H,295.7,306.2,2161,16.5,105,0,0,0,0,0,0
889,M15748,M,295.6,306.1,1651,28.1,110,0,0,0,0,0,0
900,H30313,H,295.6,306.2,1329,55.3,135,0,0,0,0,0,0
904,L48083,L,295.7,306.2,2270,14.6,149,1,0,0,1,0,0
906,L48085,L,295.6,306.1,1474,41.2,156,0,0,0,0,0,0
908,M15767,M,295.6,306.1,1669,29.0,161,0,0,0,0,0,0
911,L48090,L,295.5,306.0,1546,35.9,169,0,0,0,0,0,0
916,M15775,M,295.4,305.8,1526,38.2,181,0,0,0,0,0,0
918,L48097,L,295.3,305.7,1475,51.0,187,0,0,0,0,0,0
921,M15780,M,295.5,305.9,1518,44.1,194,0,0,0,0,0,0
927,L48106,L,295.6,306.1,1372,55.6,215,1,0,0,0,1,0
938,L48117,L,295.6,306.2,1263,61.8,27,0,0,0,0,0,0
939,L48118,L,295.6,306.2,1823,25.8,29,0,0,0,0,0,0
962,L48141,L,295.8,306.5,1493,40.5,90,0,0,0,0,0,0
968,M15827,M,295.9,306.6,1532,38.6,104,0,0,0,0,0,0
998,M15857,M,296.3,307.2,1446,45.9,180,0,0,0,0,0,0
1003,L48182,L,296.3,307.2,1646,35.0,192,0,0,0,0,0,0
1006,L48185,L,296.2,307.2,1382,52.0,201,0,0,0,0,0,0
1011,M15870,M,296.2,307.2,1552,34.8,8,0,0,0,0,0,0
1016,L48195,L,296.2,307.2,1356,43.6,22,0,0,0,0,0,0
1019,L48198,L,296.3,307.2,1291,58.6,29,0,0,0,0,0,0
1027,L48206,L,296.4,307.4,1512,36.8,46,0,0,0,0,0,0
1028,M15887,M,296.3,307.4,1335,50.5,48,0,0,0,0,0,0
1038,H30451,H,296.4,307.5,1596,35.1,75,0,0,0,0,0,0
1047,L48226,L,296.4,307.5,1331,47.8,99,0,0,0,0,0,0
1054,M15913,M,296.7,307.7,1597,32.1,114,0,0,0,0,0,0
1059,L48238,L,296.7,307.8,1605,31.3,128,0,0,0,0,0,0
1060,M15919,M,296.7,307.9,1874,21.3,130,0,0,0,0,0,0
1062,L48241,L,296.7,307.9,1420,50.1,138,0,0,0,0,0,0
1069,L48248,L,296.8,307.8,1394,47.7,155,0,0,0,0,0,0
1076,H30489,H,296.9,307.8,1345,54.5,172,0,0,0,0,0,0
1085,M15944,M,297.0,307.7,1498,47.1,199,0,0,0,0,0,0
1090,M15949,M,296.9,307.7,2008,17.5,3,0,0,0,0,0,0
1092,L48271,L,297.0,307.7,1447,46.4,8,0,0,0,0,0,0
1094,M15953,M,296.8,307.5,1443,39.2,13,0,0,0,0,0,0
1096,L48275,L,296.9,307.5,2721,9.3,18,1,0,0,1,0,0
1097,L48276,L,297.0,307.6,1680,35.8,20,0,0,0,0,0,0
1098,H30511,H,296.9,307.5,1397,48.3,22,0,0,0,0,0,0
1110,L48289,L,296.6,307.5,1557,35.1,60,0,0,0,0,0,0
1113,M15972,M,296.5,307.4,1350,55.6,69,0,0,0,0,0,0
1115,H30528,H,296.4,307.3,1540,37.4,75,0,0,0,0,0,0
1119,L48298,L,296.5,307.5,1443,41.8,87,0,0,0,0,0,0
1123,L48302,L,296.5,307.6,1541,38.5,98,0,0,0,0,0,0
1126,M15985,M,296.7,307.8,1375,51.4,108,0,0,0,0,0,0
1128,M15987,M,296.7,307.8,1672,32.4,113,0,0,0,0,0,0
1132,L48311,L,296.8,307.9,1489,33.4,123,0,0,0,0,0,0
1136,L48315,L,296.9,307.9,1535,39.2,133,0,0,0,0,0,0
1139,L48318,L,296.9,307.9,1435,41.6,139,0,0,0,0,0,0
1142,L48321,L,297.0,307.9,1635,31.6,147,0,0,0,0,0,0
1147,L48326,L,297.0,307.9,1529,42.2,157,0,0,0,0,0,0
1149,L48328,L,297.1,308.0,1348,58.0,162,0,0,0,0,0,0
1152,L48331,L,297.0,307.9,1350,47.7,168,0,0,0,0,0,0
1154,H30567,H,297.0,307.9,1448,45.6,172,0,0,0,0,0,0
1158,L48337,L,297.0,307.8,1583,37.2,189,0,0,0,0,0,0
1165,L48344,L,297.1,308.1,1754,30.3,206,0,0,0,0,0,0
1175,M16034,M,297.1,308.1,1352,44.4,0,0,0,0,0,0,0
1179,L48358,L,297.3,308.5,1398,60.4,12,0,0,0,0,0,0
1183,L48362,L,297.3,308.3,1410,48.1,23,0,0,0,0,0,0
1184,L48363,L,297.3,308.4,1513,40.5,25,0,0,0,0,0,0
1185,L48364,L,297.3,308.5,1497,47.5,27,0,0,0,0,0,0
1190,M16049,M,297.2,308.3,1794,27.5,38,0,0,0,0,0,0
1197,M16056,M,297.0,307.9,1493,34.7,57,0,0,0,0,0,0
1200,M16059,M,296.9,307.9,1979,20.4,68,0,0,0,0,0,0
1201,M16060,M,296.9,308.0,1430,55.9,71,0,0,0,0,0,0
1204,H30617,H,297.0,308.1,1410,47.6,79,0,0,0,0,0,0
1206,L48385,L,296.8,308.0,1371,54.5,86,0,0,0,0,0,0
1210,H30623,H,297.0,308.1,2540,13.3,98,0,0,0,0,0,0
1214,M16073,M,296.8,307.8,1551,38.9,112,0,0,0,0,0,0
1228,L48407,L,297.1,308.4,1422,42.1,148,0,0,0,0,0,0
1247,H30660,H,297.2,308.5,1653,33.3,207,0,0,0,0,0,0
1252,M16111,M,297.4,308.8,1359,48.7,220,0,0,0,0,0,0
1254,L48433,L,297.5,308.8,1309,57.3,0,0,0,0,0,0,0
1257,M16116,M,297.5,308.9,1535,37.7,12,0,0,0,0,0,0
1265,M16124,M,297.8,309.3,2243,15.7,36,0,0,0,0,0,0
1269,L48448,L,298.0,309.5,1496,45.8,46,0,0,0,0,0,0
1271,M16130,M,298.0,309.4,1276,65.9,50,0,0,0,0,0,0
1272,H30685,H,298.0,309.4,1490,40.5,53,0,0,0,0,0,0
1274,L48453,L,298.1,309.4,1397,48.2,63,0,0,0,0,0,0
1290,M16149,M,298.6,309.7,1635,32.2,110,0,0,0,0,0,0
1296,L48475,L,298.7,309.8,1402,54.3,128,0,0,0,0,0,0
1305,L48484,L,298.8,310.0,2098,19.6,148,0,0,0,0,0,0
1310,L48489,L,298.9,310.2,1654,31.1,158,0,0,0,0,0,0
1313,L48492,L,298.9,310.1,1473,42.6,164,0,0,0,0,0,0
1317,L48496,L,299.0,310.3,1507,36.7,173,0,0,0,0,0,0
1318,L48497,L,299.0,310.3,1428,46.3,175,0,0,0,0,0,0
1320,L48499,L,299.0,310.3,1929,24.4,180,0,0,0,0,0,0
1330,H30743,H,298.8,310.2,1663,30.4,209,0,0,0,0,0,0
1333,L48512,L,299.0,310.3,1868,24.0,221,0,0,0,0,0,0
1346,L48525,L,298.5,310.0,1804,26.1,22,0,0,0,0,0,0
1350,L48529,L,298.7,310.2,1402,45.9,30,0,0,0,0,0,0
1366,L48545,L,298.7,310.1,1676,33.5,70,0,0,0,0,0,0
1370,M16229,M,298.7,310.3,1481,41.5,83,0,0,0,0,0,0
1372,M16231,M,298.7,310.3,1495,38.7,88,0,0,0,0,0,0
1389,H30802,H,298.9,310.1,1491,45.3,133,0,0,0,0,0,0
1391,L48570,L,298.9,310.2,1409,54.8,140,0,0,0,0,0,0
1392,L48571,L,298.9,310.2,2737,8.8,142,1,0,0,1,0,0
1397,L48576,L,299.0,310.3,1483,39.2,153,0,0,0,0,0,0
1398,L48577,L,299.1,310.2,1569,38.2,155,0,0,0,0,0,0
1402,H30815,H,298.9,310.2,1532,37.7,166,0,0,0,0,0,0
1403,M16262,M,298.9,310.1,1313,56.8,171,0,0,0,0,0,0
1412,L48591,L,298.9,310.1,1944,23.4,192,0,0,0,0,0,0
1418,L48597,L,298.7,309.9,1541,38.5,208,0,0,0,0,0,0
1428,L48607,L,298.7,309.8,1394,40.3,11,0,0,0,0,0,0
1440,M16299,M,298.8,309.8,1534,37.0,47,0,0,0,0,0,0
1459,L48638,L,298.9,310.3,1364,54.0,95,0,0,0,0,0,0
1462,L48641,L,298.9,310.2,1491,45.1,101,0,0,0,0,0,0
1463,L48642,L,298.9,310.2,1706,27.6,103,0,0,0,0,0,0
1466,L48645,L,298.7,309.8,1546,40.9,109,0,0,0,0,0,0
1468,L48647,L,298.6,309.8,1544,30.2,113,0,0,0,0,0,0
1478,L48657,L,298.3,309.4,1570,35.6,138,0,0,0,0,0,0
1495,M16354,M,298.0,308.7,1377,48.5,181,0,0,0,0,0,0
1496,H30909,H,297.9,308.5,1383,44.6,184,0,0,0,0,0,0
1498,L48677,L,298.0,308.7,1629,34.3,191,0,0,0,0,0,0
1499,L48678,L,298.0,308.8,1790,27.2,193,0,0,0,0,0,0
1504,L48683,L,298.0,308.7,1771,26.2,206,0,0,0,0,0,0
1509,M16368,M,298.0,308.6,1507,37.3,217,0,0,0,0,0,0
1511,M16370,M,298.1,308.7,1547,38.9,0,0,0,0,0,0,0
1512,L48691,L,298.1,308.7,1642,30.3,3,0,0,0,0,0,0
1522,M16381,M,298.2,308.9,1585,34.3,33,0,0,0,0,0,0
1524,L48703,L,298.3,309.0,1519,36.9,41,0,0,0,0,0,0
1539,L48718,L,298.4,309.1,1798,29.6,81,0,0,0,0,0,0
1546,M16405,M,298.4,309.0,1544,38.8,97,0,0,0,0,0,0
1551,L48730,L,298.4,308.9,1638,32.4,109,0,0,0,0,0,0
1553,L48732,L,298.5,308.9,1781,27.8,113,0,0,0,0,0,0
1558,L48737,L,298.3,308.4,1585,30.6,127,0,0,0,0,0,0
1560,L48739,L,298.2,308.3,1458,41.8,132,0,0,0,0,0,0
1563,L48742,L,298.2,308.3,2216,16.8,139,0,0,0,0,0,0
1567,M16426,M,298.0,308.1,1403,44.8,148,0,0,0,0,0,0
1569,L48748,L,298.2,308.2,1407,47.1,153,0,0,0,0,0,0
1573,L48752,L,298.2,308.3,1230,59.6,162,0,0,0,0,0,0
1577,L48756,L,298.3,308.4,1490,41.7,170,0,0,0,0,0,0
1578,L48757,L,298.3,308.4,1484,43.4,172,0,0,0,0,0,0
1580,L48759,L,298.3,308.3,1444,43.8,176,0,0,0,0,0,0
1582,M16441,M,298.2,308.3,1560,33.0,181,0,0,0,0,0,0
1585,M16444,M,298.2,308.3,1639,33.3,191,0,0,0,0,0,0
1605,L48784,L,297.8,307.8,1452,39.8,21,0,0,0,0,0,0
1609,L48788,L,297.8,307.7,1393,38.0,29,0,0,0,0,0,0
1616,L48795,L,297.8,307.9,1447,48.6,46,0,0,0,0,0,0
1617,H31030,H,297.8,307.8,1662,30.7,48,0,0,0,0,0,0
1624,L48803,L,297.7,307.6,1921,22.9,68,0,0,0,0,0,0
1631,L48810,L,297.9,307.9,1412,44.5,85,0,0,0,0,0,0
1635,H31048,H,297.9,307.9,1406,58.5,93,0,0,0,0,0,0
1639,L48818,L,297.9,307.8,1397,45.0,104,0,0,0,0,0,0
1640,M16499,M,297.9,307.8,1450,43.5,106,0,0,0,0,0,0
1641,L48820,L,298.0,307.8,1567,36.4,109,0,0,0,0,0,0
1643,H31056,H,298.0,307.8,1588,35.4,114,0,0,0,0,0,0
1653,H31066,H,297.9,307.8,1635,34.0,142,0,0,0,0,0,0
1657,L48836,L,298.2,308.1,1532,42.5,154,0,0,0,0,0,0
1670,L48849,L,298.2,307.9,1544,31.4,192,0,0,0,0,0,0
1685,L48864,L,297.8,307.3,1438,44.5,3,0,0,0,0,0,0
1690,L48869,L,297.9,307.5,1561,37.7,16,0,0,0,0,0,0
1691,M16550,M,297.9,307.4,1435,42.9,18,0,0,0,0,0,0
1692,L48871,L,297.9,307.5,1602,38.3,21,0,0,0,0,0,0
1698,M16557,M,297.9,307.6,1519,44.0,37,0,0,0,0,0,0
1701,M16560,M,298.0,307.6,1844,23.8,44,0,0,0,0,0,0
1703,L48882,L,298.0,307.7,1430,47.3,49,0,0,0,0,0,0
1709,L48888,L,298.2,307.8,1627,31.5,64,0,0,0,0,0,0
1713,L48892,L,298.3,307.9,1551,33.8,72,0,0,0,0,0,0
1716,L48895,L,298.2,307.8,1585,34.6,78,0,0,0,0,0,0
1722,L48901,L,298.2,307.7,1688,32.4,91,0,0,0,0,0,0
1737,L48916,L,298.4,307.9,1544,35.9,132,0,0,0,0,0,0
1738,L48917,L,298.4,307.9,1743,27.3,134,0,0,0,0,0,0
1757,M16616,M,298.1,307.4,1363,60.1,187,0,0,0,0,0,0
1759,L48938,L,298.1,307.4,1608,33.9,193,0,0,0,0,0,0
1766,L48945,L,298.2,307.6,1368,51.8,5,0,0,0,0,0,0
1774,L48953,L,298.5,308.0,1384,59.5,27,0,0,0,0,0,0
1787,L48966,L,298.4,308.2,1618,33.0,61,0,0,0,0,0,0
1791,L48970,L,298.2,307.9,1847,23.6,69,0,0,0,0,0,0
1796,M16655,M,298.1,307.7,1498,38.3,81,0,0,0,0,0,0
1798,M16657,M,298.0,307.6,1508,41.8,89,0,0,0,0,0,0
1801,M16660,M,298.0,307.5,1524,36.3,98,0,0,0,0,0,0
1805,L48984,L,298.1,307.7,1495,48.1,111,0,0,0,0,0,0
1809,L48988,L,298.1,307.7,2567,12.8,125,1,0,0,1,0,0
1812,M16671,M,298.1,307.8,1569,31.2,131,0,0,0,0,0,0
1816,M16675,M,298.1,307.6,1565,36.3,140,0,0,0,0,0,0
1817,L48996,L,298.1,307.6,1460,46.5,143,0,0,0,0,0,0
1819,M16678,M,298.1,307.7,1435,40.9,147,0,0,0,0,0,0
1835,L49014,L,297.8,307.2,1498,38.1,188,0,0,0,0,0,0
1837,L49016,L,297.7,307.2,1518,35.8,195,0,0,0,0,0,0
1840,L49019,L,297.7,307.1,1715,30.2,0,0,0,0,0,0,0
1843,H31256,H,297.7,307.1,1855,22.5,7,0,0,0,0,0,0
1848,L49027,L,297.8,307.3,1412,50.7,24,0,0,0,0,0,0
1849,H31262,H,297.7,307.2,1429,44.1,26,0,0,0,0,0,0
1856,H31269,H,297.7,307.3,1249,62.8,47,0,0,0,0,0,0
1865,L49044,L,297.9,307.7,1546,37.6,72,0,0,0,0,0,0
1867,M16726,M,298.1,307.9,1662,28.9,76,0,0,0,0,0,0
1869,L49048,L,298.3,308.0,1361,56.9,81,0,0,0,0,0,0
1871,L49050,L,298.3,308.0,1486,42.3,86,0,0,0,0,0,0
1876,L49055,L,298.3,308.0,1363,50.1,96,0,0,0,0,0,0
1878,M16737,M,298.2,307.8,1566,33.8,100,0,0,0,0,0,0
1881,L49060,L,298.1,307.7,1705,29.1,109,0,0,0,0,0,0
1883,M16742,M,298.0,307.6,1581,43.4,113,0,0,0,0,0,0
1885,M16744,M,298.0,307.6,1792,26.0,119,0,0,0,0,0,0
1887,L49066,L,297.9,307.6,1503,40.7,124,0,0,0,0,0,0
1889,M16748,M,297.8,307.4,1902,24.3,129,0,0,0,0,0,0
1894,L49073,L,297.8,307.5,1631,29.9,144,0,0,0,0,0,0
1897,L49076,L,297.9,307.5,1574,35.8,153,0,0,0,0,0,0
1913,M16772,M,298.0,307.7,1621,34.9,194,0,0,0,0,0,0
1920,L49099,L,298.2,308.0,1658,30.0,3,0,0,0,0,0,0
1921,L49100,L,298.1,307.9,2161,17.5,5,0,0,0,0,0,0
1922,L49101,L,298.1,307.9,1665,32.0,7,0,0,0,0,0,0
1924,L49103,L,298.0,307.7,1529,34.1,11,0,0,0,0,0,0
1926,L49105,L,297.9,307.7,1537,37.7,15,0,0,0,0,0,0
1936,M16795,M,298.1,307.9,1377,55.1,42,0,0,0,0,0,0
1939,L49118,L,298.1,307.9,1517,40.8,50,0,0,0,0,0,0
1944,L49123,L,298.1,308.0,1704,30.9,61,0,0,0,0,0,0
1945,L49124,L,298.1,308.1,1791,27.3,63,0,0,0,0,0,0
1964,L49143,L,297.7,307.5,1379,43.3,111,0,0,0,0,0,0
1969,L49148,L,298.0,307.6,1281,50.8,122,0,0,0,0,0,0
1980,H31393,H,298.0,307.6,1420,45.8,150,0,0,0,0,0,0
1983,M16842,M,298.0,307.7,1487,41.3,160,0,0,0,0,0,0
1993,L49172,L,298.2,307.8,1375,46.6,188,0,0,0,0,0,0
1994,M16853,M,298.3,308.0,1463,42.5,190,0,0,0,0,0,0
1999,H31412,H,298.3,308.0,1637,30.8,2,0,0,0,0,0,0
2010,M16869,M,298.6,308.3,1717,28.7,29,0,0,0,0,0,0
2016,L49195,L,298.5,308.2,1301,66.3,42,1,0,0,1,0,0
2032,L49211,L,298.8,308.6,1331,62.8,81,0,0,0,0,0,0
2038,H31451,H,299.0,308.7,1940,19.9,98,0,0,0,0,0,0
2039,L49218,L,299.0,308.8,1405,55.2,103,0,0,0,0,0,0
2040,M16899,M,299.0,308.9,1449,39.6,105,0,0,0,0,0,0
2048,L49227,L,299.3,309.2,1775,24.2,125,0,0,0,0,0,0
2051,M16910,M,299.5,309.3,1675,29.2,132,0,0,0,0,0,0
2056,L49235,L,299.6,309.4,1643,32.9,145,0,0,0,0,0,0
2058,L49237,L,299.5,309.3,1520,42.3,149,0,0,0,0,0,0
2060,H31473,H,299.5,309.4,1386,44.4,154,0,0,0,0,0,0
2063,M16922,M,299.7,309.6,1477,42.7,163,0,0,0,0,0,0
2070,H31483,H,299.7,309.6,1553,41.0,179,0,0,0,0,0,0
2071,L49250,L,299.7,309.5,1352,49.7,184,0,0,0,0,0,0
2084,H31497,H,299.4,309.3,1743,28.2,0,0,0,0,0,0,0
2085,L49264,L,299.5,309.3,1442,46.2,5,0,0,0,0,0,0
2086,L49265,L,299.5,309.3,1462,46.7,7,0,0,0,0,0,0
2087,H31500,H,299.4,309.3,1439,49.7,9,0,0,0,0,0,0
2091,L49270,L,299.5,309.2,1393,47.3,20,0,0,0,0,0,0
2098,M16957,M,299.4,309.4,1326,47.5,35,0,0,0,0,0,0
2104,M16963,M,299.3,309.1,1376,46.7,49,0,0,0,0,0,0
2114,L49293,L,299.5,309.1,1863,22.5,79,0,0,0,0,0,0
2115,H31528,H,299.4,309.1,1373,44.1,81,0,0,0,0,0,0
2125,L49304,L,299.2,308.9,1430,39.1,117,0,0,0,0,0,0
2126,L49305,L,299.3,308.9,1258,69.4,119,1,0,0,1,0,0
2131,L49310,L,299.4,309.0,1391,58.2,135,0,0,0,0,0,0
2132,L49311,L,299.4,309.1,1432,45.4,137,0,0,0,0,0,0
2143,L49322,L,299.3,308.9,1376,60.3,163,0,0,0,0,0,0
2144,M17003,M,299.3,308.8,1442,49.0,165,0,0,0,0,0,0
2146,L49325,L,299.3,308.8,1550,45.8,170,0,0,0,0,0,0
2148,L49327,L,299.4,308.9,1550,33.7,174,0,0,0,0,0,0
2153,M17012,M,299.3,308.8,1648,28.4,188,0,0,0,0,0,0
2159,M17018,M,299.5,309.0,1399,49.7,207,0,0,0,0,0,0
2160,M17019,M,299.5,309.0,1602,31.3,210,0,0,0,0,0,0
2167,M17026,M,299.6,309.2,1867,23.4,225,1,1,0,0,0,0
2168,H31581,H,299.6,309.1,1588,41.3,0,0,0,0,0,0,0
2170,L49349,L,299.5,309.1,1415,49.2,8,0,0,0,0,0,0
2176,M17035,M,299.5,309.2,1590,35.9,22,0,0,0,0,0,0
2181,H31594,H,299.6,309.2,1597,36.3,35,0,0,0,0,0,0
2191,M17050,M,299.6,309.1,1471,44.3,67,0,0,0,0,0,0
2194,M17053,M,299.5,308.9,1448,42.9,74,0,0,0,0,0,0
2197,M17056,M,299.7,308.9,1551,35.4,82,0,0,0,0,0,0
2198,L49377,L,299.7,309.0,1412,49.2,85,0,0,0,0,0,0
2207,L49386,L,299.9,309.2,1436,52.0,107,0,0,0,0,0,0
2209,H31622,H,299.8,309.2,1435,42.6,111,0,0,0,0,0,0
2210,L49389,L,299.8,309.3,1386,49.4,116,0,0,0,0,0,0
2211,L49390,L,299.7,309.2,1401,54.1,118,0,0,0,0,0,0
2219,L49398,L,299.7,309.1,1713,33.5,141,0,0,0,0,0,0
2221,M17080,M,299.6,309.0,1736,26.1,146,0,0,0,0,0,0
2224,L49403,L,299.6,309.0,1413,48.5,153,0,0,0,0,0,0
2232,L49411,L,299.4,308.6,1415,56.4,175,0,0,0,0,0,0
2234,L49413,L,299.5,308.7,2549,13.0,179,1,0,0,1,0,0
2236,M17095,M,299.4,308.6,1455,42.7,183,0,0,0,0,0,0
2240,L49419,L,299.2,308.6,1381,50.0,193,0,0,0,0,0,0
2241,L49420,L,299.2,308.5,1457,44.7,195,0,0,0,0,0,0
2248,M17107,M,299.2,308.4,1396,48.5,5,0,0,0,0,0,0
2252,H31665,H,299.1,308.3,1424,43.4,16,0,0,0,0,0,0
2255,L49434,L,299.1,308.3,1325,46.9,28,0,0,0,0,0,0
2260,L49439,L,299.1,308.3,1431,52.3,38,0,0,0,0,0,0
2273,M17132,M,299.3,308.6,1448,52.1,71,0,0,0,0,0,0
2276,L49455,L,299.3,308.6,1605,37.0,78,0,0,0,0,0,0
2286,L49465,L,299.4,308.7,1381,56.7,102,0,0,0,0,0,0
2288,L49467,L,299.4,308.6,1746,26.8,107,0,0,0,0,0,0
2296,L49475,L,299.4,308.7,1512,37.2,126,0,0,0,0,0,0
2301,L49480,L,299.3,308.6,1371,50.5,136,0,0,0,0,0,0
2312,M17171,M,299.1,308.6,1491,38.5,166,0,0,0,0,0,0
2313,M17172,M,299.1,308.6,1441,36.2,169,0,0,0,0,0,0
2323,L49502,L,299.2,308.7,1514,41.9,196,0,0,0,0,0,0
2325,L49504,L,299.3,308.8,1636,29.9,201,0,0,0,0,0,0
2327,M17186,M,299.4,308.7,1487,52.6,205,0,0,0,0,0,0
2330,L49509,L,299.3,308.7,1484,40.5,213,0,0,0,0,0,0
2332,L49511,L,299.3,308.6,1384,53.6,218,1,0,0,0,1,0
2333,L49512,L,299.2,308.5,1378,50.4,220,1,0,0,0,1,0
2341,L49520,L,299.1,308.1,1479,40.7,10,0,0,0,0,0,0
2346,L49525,L,299.2,308.4,1475,38.7,22,0,0,0,0,0,0
2350,M17209,M,299.3,308.5,1386,42.2,30,0,0,0,0,0,0
2355,L49534,L,299.3,308.6,1433,37.7,42,0,0,0,0,0,0
2356,M17215,M,299.3,308.5,1305,60.6,44,0,0,0,0,0,0
2370,M17229,M,299.2,308.4,1856,22.7,86,0,0,0,0,0,0
2377,M17236,M,299.2,308.3,1364,51.8,104,0,0,0,0,0,0
2399,L49578,L,299.2,308.5,1490,43.2,158,0,0,0,0,0,0
2405,M17264,M,299.1,308.7,2008,20.3,178,0,0,0,0,0,0
2412,L49591,L,299.0,308.5,1559,38.1,194,0,0,0,0,0,0
2421,H31834,H,298.8,308.2,1450,44.7,14,0,0,0,0,0,0
2425,L49604,L,298.9,308.2,1828,23.8,26,0,0,0,0,0,0
2438,L49617,L,299.1,308.3,1426,40.1,60,0,0,0,0,0,0
2439,M17298,M,299.1,308.4,1330,53.6,62,0,0,0,0,0,0
2441,L49620,L,299.1,308.4,1426,47.9,67,0,0,0,0,0,0
2444,L49623,L,299.1,308.5,1647,35.0,74,0,0,0,0,0,0
2448,L49627,L,299.3,308.7,1408,48.7,85,0,0,0,0,0,0
2459,L49638,L,299.0,308.6,1434,45.9,108,0,0,0,0,0,0
2461,L49640,L,299.0,308.6,1466,46.4,112,0,0,0,0,0,0
2464,L49643,L,298.9,308.5,1580,39.1,119,0,0,0,0,0,0
2466,L49645,L,298.9,308.6,1481,40.7,124,0,0,0,0,0,0
2469,M17328,M,298.9,308.6,1524,40.4,131,0,0,0,0,0,0
2470,L49649,L,299.0,308.7,1507,37.5,134,0,0,0,0,0,0
2475,L49654,L,298.9,308.5,1503,40.6,145,0,0,0,0,0,0
2476,L49655,L,298.9,308.5,1459,43.1,147,0,0,0,0,0,0
2481,L49660,L,299.0,308.6,1734,32.4,161,0,0,0,0,0,0
2487,M17346,M,298.9,308.7,1772,28.4,177,0,0,0,0,0,0
2495,L49674,L,299.1,308.8,1329,53.6,207,1,0,0,0,1,0
2496,M17355,M,299.1,308.8,1491,41.0,209,0,0,0,0,0,0
2499,L49678,L,299.1,308.9,1467,47.2,218,0,0,0,0,0,0
2503,L49682,L,299.2,309.0,1515,48.9,228,1,0,0,0,1,0
2509,L49688,L,299.0,308.9,1615,30.6,14,0,0,0,0,0,0
2512,M17371,M,299.0,308.9,1526,41.1,20,0,0,0,0,0,0
2514,L49693,L,299.0,308.7,1583,32.5,25,0,0,0,0,0,0
2519,M17378,M,298.9,308.6,1425,49.6,35,0,0,0,0,0,0
2523,M17382,M,298.8,308.7,1543,38.2,44,0,0,0,0,0,0
2524,L49703,L,298.8,308.7,1635,35.2,47,0,0,0,0,0,0
2536,L49715,L,299.0,308.8,1495,38.4,75,0,0,0,0,0,0
2538,H31951,H,298.9,308.7,1353,48.1,79,0,0,0,0,0,0
2541,L49720,L,299.1,308.8,1502,38.3,88,0,0,0,0,0,0
2547,L49726,L,299.2,309.1,1605,34.3,107,0,0,0,0,0,0
2565,L49744,L,299.3,309.1,1493,38.0,151,0,0,0,0,0,0
2566,L49745,L,299.4,309.1,1304,50.5,153,0,0,0,0,0,0
2567,M17426,M,299.3,309.0,1420,41.6,155,0,0,0,0,0,0
2575,L49754,L,299.5,309.3,1972,19.3,177,0,0,0,0,0,0
2579,L49758,L,299.4,309.3,1391,46.6,185,0,0,0,0,0,0
2582,L49761,L,299.2,309.1,1345,60.7,191,1,0,0,0,1,0
2583,L49762,L,299.2,309.0,1615,33.7,193,0,0,0,0,0,0
2595,L49774,L,298.8,308.5,1446,37.0,11,0,0,0,0,0,0
2596,M17455,M,298.8,308.6,1486,41.1,13,0,0,0,0,0,0
2597,L49776,L,299.0,308.7,1426,38.6,16,0,0,0,0,0,0
2599,L49778,L,299.1,308.8,1320,67.5,20,1,0,0,1,0,0
2603,L49782,L,299.4,309.2,1427,41.5,29,0,0,0,0,0,0
2607,H32020,H,299.4,309.3,1534,37.5,39,0,0,0,0,0,0
2611,H32024,H,299.4,309.1,1547,40.9,50,0,0,0,0,0,0
2613,L49792,L,299.4,309.1,2421,14.2,57,0,0,0,0,0,0
2617,L49796,L,299.4,309.1,1207,66.5,66,0,0,0,0,0,0
2618,L49797,L,299.4,309.1,1670,35.9,68,0,0,0,0,0,0
2619,M17478,M,299.4,309.1,1461,48.6,70,0,0,0,0,0,0
2622,M17481,M,299.5,309.3,1506,41.5,77,0,0,0,0,0,0
2631,L49810,L,300.0,309.8,1372,39.6,105,0,0,0,0,0,0
2637,L49816,L,299.9,309.6,1254,61.3,124,0,0,0,0,0,0
2638,L49817,L,299.9,309.6,1294,49.7,126,0,0,0,0,0,0
2639,L49818,L,299.8,309.5,1739,27.5,128,0,0,0,0,0,0
2644,M17503,M,299.8,309.4,1401,48.1,143,0,0,0,0,0,0
2645,L49824,L,299.8,309.4,1510,42.5,146,0,0,0,0,0,0
2646,H32059,H,299.9,309.5,1547,38.5,148,0,0,0,0,0,0
2647,M17506,M,299.8,309.5,1453,43.2,153,0,0,0,0,0,0
2648,L49827,L,299.8,309.4,1408,45.6,156,0,0,0,0,0,0
2652,L49831,L,299.9,309.5,2008,20.4,165,0,0,0,0,0,0
2653,L49832,L,299.9,309.5,1772,23.5,167,0,0,0,0,0,0
2655,L49834,L,299.9,309.5,1567,35.5,171,0,0,0,0,0,0
2656,M17515,M,299.8,309.4,1751,27.0,173,0,0,0,0,0,0
2668,M17527,M,299.8,309.3,1663,35.2,208,0,0,0,0,0,0
2670,H32083,H,299.7,309.3,1494,37.8,214,0,0,0,0,0,0
2677,L49856,L,299.7,309.3,1592,34.2,8,0,0,0,0,0,0
2682,L49861,L,299.8,309.5,1545,32.2,18,0,0,0,0,0,0
2694,M17553,M,300.1,309.6,1622,36.1,43,0,0,0,0,0,0
2699,L49878,L,300.0,309.4,2010,20.0,55,0,0,0,0,0,0
2701,L49880,L,299.9,309.3,1473,40.4,59,0,0,0,0,0,0
2702,L49881,L,299.9,309.2,1333,50.8,61,0,0,0,0,0,0
2708,M17567,M,299.6,309.0,1539,36.1,76,0,0,0,0,0,0
2709,L49888,L,299.6,309.1,2266,15.3,79,0,0,0,0,0,0
2710,L49889,L,299.6,309.1,1641,35.8,81,0,0,0,0,0,0
2712,L49891,L,299.6,309.1,1407,50.6,85,0,0,0,0,0,0
2715,M17574,M,299.6,309.1,1366,55.2,95,0,0,0,0,0,0
2721,L49900,L,299.6,309.2,1559,39.1,110,0,0,0,0,0,0
2727,M17586,M,299.8,309.4,1423,42.9,124,0,0,0,0,0,0
2730,L49909,L,299.7,309.3,1417,54.6,131,0,0,0,0,0,0
2731,L49910,L,299.6,309.2,1425,45.9,133,0,0,0,0,0,0
2733,L49912,L,299.7,309.2,1346,57.4,138,0,0,0,0,0,0
2736,L49915,L,299.7,309.2,1412,45.4,147,0,0,0,0,0,0
2750,M17609,M,299.7,309.2,1685,28.9,179,1,0,0,0,0,0
2756,L49935,L,299.7,309.2,1478,38.8,199,0,0,0,0,0,0
2764,L49943,L,299.8,309.2,1491,47.5,216,0,0,0,0,0,0
2773,L49952,L,299.9,309.4,1467,41.2,20,0,0,0,0,0,0
2774,L49953,L,299.9,309.4,1858,22.5,22,0,0,0,0,0,0
2778,L49957,L,300.1,309.4,1464,41.7,30,0,0,0,0,0,0
2780,L49959,L,300.1,309.5,1353,50.9,34,0,0,0,0,0,0
2788,M17647,M,300.3,309.6,1524,38.4,54,0,0,0,0,0,0
2795,L49974,L,300.4,309.6,1553,43.9,75,0,0,0,0,0,0
2801,M17660,M,300.2,309.5,1500,45.7,89,0,0,0,0,0,0
2805,L49984,L,300.1,309.5,1450,40.1,100,0,0,0,0,0,0
2811,L49990,L,299.8,309.1,1772,24.8,113,0,0,0,0,0,0
2817,L49996,L,300.1,309.4,1434,47.3,127,0,0,0,0,0,0
2818,L49997,L,300.2,309.5,1417,41.1,129,0,0,0,0,0,0
2830,L50009,L,300.3,309.3,1612,36.0,158,0,0,0,0,0,0
2831,M17690,M,300.4,309.3,1411,41.6,160,0,0,0,0,0,0
2832,M17691,M,300.3,309.2,1490,47.9,163,0,0,0,0,0,0
2838,L50017,L,300.3,309.1,1699,30.3,178,0,0,0,0,0,0
2845,L50024,L,300.3,309.2,1650,35.2,196,0,0,0,0,0,0
2857,H32270,H,300.5,309.3,1471,45.2,223,0,0,0,0,0,0
2866,H32279,H,300.7,309.7,1623,32.7,0,0,0,0,0,0,0
2872,M17731,M,300.7,309.6,1536,37.2,19,0,0,0,0,0,0
2877,M17736,M,300.5,309.3,1578,30.5,34,0,0,0,0,0,0
2887,H32300,H,300.5,309.5,1635,34.2,62,0,0,0,0,0,0
2891,L50070,L,300.6,309.7,1593,32.4,76,0,0,0,0,0,0
2892,L50071,L,300.6,309.6,1682,30.7,78,0,0,0,0,0,0
2893,L50072,L,300.7,309.6,1329,54.3,80,0,0,0,0,0,0
2900,L50079,L,300.6,309.4,1410,40.6,99,0,0,0,0,0,0
2902,L50081,L,300.6,309.4,1425,40.3,103,0,0,0,0,0,0
2905,L50084,L,300.6,309.4,2496,13.5,111,0,0,0,0,0,0
2910,L50089,L,300.7,309.6,1500,44.1,122,0,0,0,0,0,0
2913,L50092,L,300.7,309.6,1661,30.3,129,0,0,0,0,0,0
2925,L50104,L,300.8,309.7,1461,44.3,158,0,0,0,0,0,0
2927,L50106,L,300.7,309.7,1507,52.4,163,0,0,0,0,0,0
2934,M17793,M,300.8,309.7,1751,27.9,183,0,0,0,0,0,0
2935,M17794,M,300.8,309.6,1546,42.3,186,0,0,0,0,0,0
2947,M17806,M,300.7,309.5,1622,30.5,14,0,0,0,0,0,0
2948,L50127,L,300.7,309.5,1592,29.0,17,0,0,0,0,0,0
2950,M17809,M,300.7,309.5,1470,48.7,21,0,0,0,0,0,0
2963,L50142,L,300.7,309.5,1508,39.9,59,0,0,0,0,0,0
2967,L50146,L,300.6,309.3,1601,40.2,69,0,0,0,0,0,0
2969,M17828,M,300.6,309.4,1312,45.2,73,0,0,0,0,0,0
2973,M17832,M,300.6,309.4,1432,44.2,84,0,0,0,0,0,0
2988,M17847,M,300.6,309.8,1659,28.9,127,0,0,0,0,0,0
2990,L50169,L,300.6,309.8,1502,42.4,133,0,0,0,0,0,0
2992,M17851,M,300.5,309.7,1341,50.9,137,0,0,0,0,0,0
2998,L50177,L,300.5,309.8,1345,62.7,153,0,0,0,0,0,0
3001,H32414,H,300.5,309.8,1324,72.8,159,1,0,0,1,0,0
3007,L50186,L,300.4,309.7,1488,35.7,177,0,0,0,0,0,0
3009,M17868,M,300.4,309.7,1547,38.0,181,0,0,0,0,0,0
3015,L50194,L,300.5,309.7,1580,42.8,196,0,0,0,0,0,0
3019,M17878,M,300.5,309.8,1566,35.9,204,0,0,0,0,0,0
3023,L50202,L,300.5,309.6,1760,30.6,213,0,0,0,0,0,0
3035,H32448,H,300.6,309.7,1470,43.8,18,0,0,0,0,0,0
3039,L50218,L,300.4,309.5,1349,50.4,30,0,0,0,0,0,0
3049,L50228,L,300.2,309.3,1532,43.2,53,0,0,0,0,0,0
3060,M17919,M,300.0,309.0,1368,45.8,81,0,0,0,0,0,0
3061,L50240,L,300.0,309.1,1882,23.8,84,0,0,0,0,0,0
3071,L50250,L,300.0,309.1,1631,28.3,110,0,0,0,0,0,0
3072,L50251,L,300.0,309.0,2174,16.9,112,0,0,0,0,0,0
3076,M17935,M,300.1,309.2,1385,46.1,120,0,0,0,0,0,0
3077,L50256,L,300.0,309.2,1444,43.6,123,0,0,0,0,0,0
3087,L50266,L,300.0,309.2,1610,32.1,150,0,0,0,0,0,0
3095,L50274,L,300.0,309.3,1972,22.0,175,0,0,0,0,0,0
3096,M17955,M,299.9,309.2,1574,36.5,177,0,0,0,0,0,0
3098,M17957,M,299.9,309.2,1353,49.8,182,0,0,0,0,0,0
3105,M17964,M,299.8,309.2,1678,29.8,202,0,0,0,0,0,0
3107,L50286,L,299.8,309.1,1485,39.9,207,0,0,0,0,0,0
3109,L50288,L,299.8,309.2,1504,38.7,212,0,0,0,0,0,0
3111,H32524,H,299.9,309.2,1525,33.2,0,0,0,0,0,0,0
3114,M17973,M,299.9,309.1,1345,56.8,10,0,0,0,0,0,0
3116,L50295,L,299.9,309.2,1658,34.8,16,0,0,0,0,0,0
3123,L50302,L,300.0,309.3,1473,46.0,35,0,0,0,0,0,0
3128,L50307,L,300.0,309.5,1717,28.3,48,0,0,0,0,0,0
3140,H32553,H,300.4,309.9,1513,38.7,76,0,0,0,0,0,0
3141,H32554,H,300.4,309.9,2563,12.8,81,1,0,0,1,0,0
3143,L50322,L,300.6,310.0,1658,34.7,88,0,0,0,0,0,0
3147,M18006,M,300.5,309.9,1780,26.5,101,0,0,0,0,0,0
3161,M18020,M,300.4,309.7,1367,51.2,143,0,0,0,0,0,0
3164,L50343,L,300.4,309.8,1549,38.9,150,0,0,0,0,0,0
3168,L50347,L,300.4,309.7,1384,45.1,159,0,0,0,0,0,0
3190,L50369,L,300.1,309.1,1551,33.7,214,0,0,0,0,0,0
3192,M18051,M,300.1,309.2,1732,33.7,218,0,0,0,0,0,0
3203,L50382,L,300.2,309.2,1430,43.4,24,0,0,0,0,0,0
3218,L50397,L,300.6,309.5,2025,21.4,64,0,0,0,0,0,0
3227,L50406,L,300.5,309.3,1465,46.0,89,0,0,0,0,0,0
3229,L50408,L,300.5,309.3,1475,46.8,94,0,0,0,0,0,0
3230,L50409,L,300.6,309.4,1442,43.2,96,0,0,0,0,0,0
3234,H32647,H,300.8,309.4,1474,40.7,104,0,0,0,0,0,0
3239,M18098,M,300.9,309.4,1724,25.6,119,0,0,0,0,0,0
3248,M18107,M,301.0,309.8,1594,31.1,143,0,0,0,0,0,0
3249,M18108,M,301.0,309.7,1511,39.3,146,0,0,0,0,0,0
3251,H32664,H,301.2,309.8,1709,27.0,151,0,0,0,0,0,0
3259,L50438,L,301.2,309.9,1643,32.9,171,0,0,0,0,0,0
3260,M18119,M,301.2,310.0,1625,31.6,173,0,0,0,0,0,0
3263,L50442,L,301.3,310.1,1558,36.3,184,0,0,0,0,0,0
3267,L50446,L,301.3,310.1,1269,56.8,195,1,0,0,0,1,0
3272,M18131,M,301.4,310.0,1689,32.1,207,0,0,0,0,0,0
3273,M18132,M,301.3,310.0,1593,30.8,210,0,0,0,0,0,0
3274,M18133,M,301.3,309.9,1565,36.0,213,0,0,0,0,0,0
3280,L50459,L,301.2,309.9,1382,52.4,13,0,0,0,0,0,0
3282,M18141,M,301.2,310.0,1445,45.6,18,0,0,0,0,0,0
3287,L50466,L,301.2,310.0,1618,37.6,32,0,0,0,0,0,0
3289,L50468,L,301.3,310.1,1662,31.0,37,0,0,0,0,0,0
3303,L50482,L,301.3,310.5,1503,48.6,72,0,0,0,0,0,0
3312,L50491,L,301.3,310.4,1459,44.7,92,0,0,0,0,0,0
3333,M18192,M,301.7,310.8,1671,31.6,137,0,0,0,0,0,0
3340,L50519,L,301.6,310.9,1492,45.2,155,0,0,0,0,0,0
3343,L50522,L,301.5,310.8,1382,52.4,165,0,0,0,0,0,0
3349,M18208,M,301.3,310.7,1532,40.7,178,0,0,0,0,0,0
3350,L50529,L,301.4,310.7,1673,27.8,181,0,0,0,0,0,0
3354,L50533,L,301.6,310.9,1632,31.6,189,0,0,0,0,0,0
3355,L50534,L,301.6,310.9,1559,40.2,191,0,0,0,0,0,0
3359,L50538,L,301.5,310.6,1522,36.6,202,0,0,0,0,0,0
3382,L50561,L,301.3,310.6,1376,47.6,45,0,0,0,0,0,0
3394,L50573,L,301.5,310.6,1490,48.1,81,0,0,0,0,0,0
3403,L50582,L,301.4,310.6,1347,53.3,104,0,0,0,0,0,0
3410,M18269,M,301.2,310.4,1697,30.0,120,0,0,0,0,0,0
3415,L50594,L,301.3,310.3,1555,41.2,131,0,0,0,0,0,0
3418,L50597,L,301.6,310.6,1621,33.7,137,0,0,0,0,0,0
3424,L50603,L,301.4,310.4,1496,35.2,153,0,0,0,0,0,0
3427,L50606,L,301.5,310.5,1380,48.7,160,0,0,0,0,0,0
3431,H32844,H,301.6,310.6,1821,26.2,171,0,0,0,0,0,0
3433,M18292,M,301.6,310.7,2012,20.7,178,0,0,0,0,0,0
3436,L50615,L,301.5,310.5,1389,54.9,187,0,0,0,0,0,0
3441,L50620,L,301.3,310.3,1460,41.5,197,0,0,0,0,0,0
3448,L50627,L,301.7,310.6,1624,34.5,216,0,0,0,0,0,0
3451,L50630,L,301.6,310.6,1506,43.4,222,0,0,0,0,0,0
3460,L50639,L,301.5,310.4,1270,54.2,26,0,0,0,0,0,0
3463,H32876,H,301.6,310.5,1786,27.1,35,0,0,0,0,0,0
3464,L50643,L,301.6,310.5,1809,25.5,40,0,0,0,0,0,0
3465,L50644,L,301.7,310.6,1303,59.7,42,0,0,0,0,0,0
3466,M18325,M,301.8,310.7,1383,45.7,44,0,0,0,0,0,0
3482,L50661,L,302.0,310.9,1663,31.5,81,0,0,0,0,0,0
3504,L50683,L,301.7,310.8,1493,47.6,145,0,0,0,0,0,0
3508,M18367,M,301.7,310.8,1502,34.4,157,0,0,0,0,0,0
3516,M18375,M,301.9,311.1,1605,40.0,179,0,0,0,0,0,0
3517,L50696,L,302.0,311.1,1402,47.8,182,0,0,0,0,0,0
3519,L50698,L,301.9,311.0,1376,44.9,186,0,0,0,0,0,0
3521,L50700,L,301.9,311.0,1669,32.2,191,0,0,0,0,0,0
3523,L50702,L,301.8,311.0,1651,32.5,195,0,0,0,0,0,0
3528,M18387,M,301.9,310.9,1573,38.9,209,0,0,0,0,0,0
3531,M18390,M,301.9,310.9,1441,43.7,0,0,0,0,0,0,0
3535,M18394,M,302.0,311.1,1769,26.0,10,0,0,0,0,0,0
3542,L50721,L,301.8,310.8,1546,43.4,29,0,0,0,0,0,0
3551,M18410,M,301.9,311.0,1432,41.5,51,0,0,0,0,0,0
3560,M18419,M,301.7,310.7,1659,29.9,73,0,0,0,0,0,0
3562,L50741,L,301.7,310.6,1486,38.5,78,0,0,0,0,0,0
3566,M18425,M,301.8,310.7,1420,52.0,88,0,0,0,0,0,0
3568,L50747,L,301.8,310.5,1548,34.1,93,0,0,0,0,0,0
3571,H32984,H,301.8,310.6,1441,46.3,100,0,0,0,0,0,0
3574,L50753,L,301.8,310.6,1452,48.4,110,0,0,0,0,0,0
3584,L50763,L,301.8,310.7,1751,29.3,133,0,0,0,0,0,0
3585,L50764,L,301.8,310.6,1192,68.9,135,0,0,0,0,0,0
3588,H33001,H,301.8,310.5,1478,38.6,141,0,0,0,0,0,0
3597,L50776,L,301.7,310.5,1354,50.0,169,0,0,0,0,0,0
3601,L50780,L,301.7,310.5,1523,34.7,181,0,0,0,0,0,0
3605,L50784,L,301.8,310.8,1557,33.3,190,0,0,0,0,0,0
3610,M18469,M,301.7,310.9,1644,32.5,201,0,0,0,0,0,0
3626,M18485,M,302.1,311.4,1467,43.4,33,0,0,0,0,0,0
3641,H33054,H,302.4,311.6,1544,39.1,70,0,0,0,0,0,0
3642,L50821,L,302.3,311.6,1488,41.8,75,0,0,0,0,0,0
3660,M18519,M,302.2,311.5,1734,25.0,116,0,0,0,0,0,0
3668,L50847,L,302.3,311.6,1665,34.3,139,0,0,0,0,0,0
3669,L50848,L,302.3,311.7,1510,38.7,141,0,0,0,0,0,0
3673,L50852,L,302.3,311.6,1658,32.3,150,0,0,0,0,0,0
3682,M18541,M,302.1,311.3,1453,45.1,174,0,0,0,0,0,0
3686,M18545,M,301.9,311.1,1380,51.6,184,0,0,0,0,0,0
3701,L50880,L,302.1,311.2,1447,50.3,11,0,0,0,0,0,0
3704,M18563,M,302.0,311.2,1418,49.5,17,0,0,0,0,0,0
3705,M18564,M,302.0,311.2,1400,49.5,20,0,0,0,0,0,0
3706,M18565,M,302.0,311.3,1725,27.7,23,0,0,0,0,0,0
3707,L50886,L,302.0,311.3,1567,41.1,26,0,0,0,0,0,0
3716,M18575,M,302.4,311.4,1475,45.2,46,0,0,0,0,0,0
3719,L50898,L,302.4,311.4,1450,44.1,56,0,0,0,0,0,0
3725,M18584,M,302.3,311.2,1507,47.7,70,0,0,0,0,0,0
3729,L50908,L,302.3,311.3,1457,44.5,83,0,0,0,0,0,0
3735,M18594,M,302.2,311.2,1873,24.0,99,0,0,0,0,0,0
3738,L50917,L,302.2,311.1,1351,48.6,110,0,0,0,0,0,0
3743,L50922,L,302.4,311.4,1564,35.0,122,0,0,0,0,0,0
3752,L50931,L,302.4,311.1,1520,42.2,143,0,0,0,0,0,0
3757,L50936,L,302.3,311.1,1546,33.1,156,0,0,0,0,0,0
3761,L50940,L,302.3,310.9,1377,46.8,166,1,0,1,0,0,0
3762,M18621,M,302.4,311.0,1490,37.1,168,0,0,0,0,0,0
3772,M18631,M,302.3,311.0,1384,49.7,192,0,0,0,0,0,0
3780,L50959,L,302.3,311.0,1657,31.1,3,0,0,0,0,0,0
3787,L50966,L,302.3,310.9,1587,36.6,20,0,0,0,0,0,0
3789,L50968,L,302.3,310.8,1511,48.1,24,0,0,0,0,0,0
3793,L50972,L,302.3,310.9,1459,35.0,32,0,0,0,0,0,0
3803,M18662,M,302.2,310.9,1488,44.2,57,0,0,0,0,0,0
3807,M18666,M,302.3,310.9,1360,44.0,67,1,0,1,0,0,0
3818,M18677,M,302.1,310.6,1421,52.0,95,0,0,0,0,0,0
3820,L50999,L,302.2,310.7,1567,36.4,100,0,0,0,0,0,0
3821,L51000,L,302.3,310.8,1421,41.4,102,0,0,0,0,0,0
3823,M18682,M,302.4,311.0,1464,44.2,106,0,0,0,0,0,0
3825,L51004,L,302.3,310.9,1620,30.3,112,0,0,0,0,0,0
3828,M18687,M,302.4,310.9,1469,41.6,124,0,0,0,0,0,0
3831,L51010,L,302.3,310.9,1891,22.7,135,0,0,0,0,0,0
3832,M18691,M,302.3,310.9,1742,29.7,137,0,0,0,0,0,0
3836,M18695,M,302.3,311.1,1435,43.1,149,0,0,0,0,0,0
3843,L51022,L,302.5,311.2,1545,40.1,165,0,0,0,0,0,0
3845,L51024,L,302.4,311.1,1484,45.9,169,0,0,0,0,0,0
3846,L51025,L,302.3,311.0,1591,32.7,171,0,0,0,0,0,0
3849,L51028,L,302.3,310.9,1720,28.1,178,0,0,0,0,0,0
3858,H33271,H,302.4,311.2,1506,40.8,204,0,0,0,0,0,0
3863,H33276,H,302.5,311.5,1496,43.8,218,0,0,0,0,0,0
3870,L51049,L,302.7,311.7,1480,45.2,8,0,0,0,0,0,0
3873,L51052,L,302.7,311.9,1389,46.5,15,0,0,0,0,0,0
3878,H33291,H,302.6,311.7,1471,48.3,25,0,0,0,0,0,0
3888,L51067,L,302.4,311.2,1448,50.5,53,0,0,0,0,0,0
3889,L51068,L,302.3,311.2,1903,22.9,55,0,0,0,0,0,0
3890,L51069,L,302.4,311.2,1404,52.0,57,0,0,0,0,0,0
3913,L51092,L,302.4,311.4,1475,40.4,126,0,0,0,0,0,0
3925,M18784,M,302.5,311.4,1636,35.0,157,0,0,0,0,0,0
3927,L51106,L,302.6,311.5,1609,36.0,162,0,0,0,0,0,0
3933,L51112,L,302.6,311.6,1953,22.4,180,0,0,0,0,0,0
3939,L51118,L,302.5,311.5,1603,32.4,194,0,0,0,0,0,0
3950,L51129,L,302.3,311.5,1384,50.8,13,0,0,0,0,0,0
3951,L51130,L,302.3,311.4,1570,37.2,15,0,0,0,0,0,0
3954,M18813,M,302.3,311.4,1484,39.5,22,0,0,0,0,0,0
3960,M18819,M,302.2,311.4,1538,37.4,37,0,0,0,0,0,0
3962,M18821,M,302.2,311.4,1642,32.1,42,0,0,0,0,0,0
3966,L51145,L,302.3,311.5,1507,37.5,55,0,0,0,0,0,0
3967,L51146,L,302.3,311.5,1530,37.8,57,0,0,0,0,0,0
3975,L51154,L,302.4,311.5,1505,37.9,79,0,0,0,0,0,0
3981,M18840,M,302.2,311.3,1375,47.0,98,0,0,0,0,0,0
3990,L51169,L,302.2,311.3,1602,32.8,120,0,0,0,0,0,0
3996,L51175,L,302.3,311.3,1621,31.6,135,0,0,0,0,0,0
3998,L51177,L,302.2,311.1,1394,53.7,140,0,0,0,0,0,0
4003,L51182,L,302.1,311.2,1454,59.2,153,1,0,0,1,0,0
4011,M18870,M,302.1,311.1,1605,37.6,171,0,0,0,0,0,0
4012,L51191,L,302.2,311.1,1447,52.1,174,0,0,0,0,0,0
4016,L51195,L,302.1,310.9,1477,41.4,184,0,0,0,0,0,0
4019,M18878,M,302.0,310.8,1783,23.1,190,0,0,0,0,0,0
4032,L51211,L,302.0,310.8,1447,42.7,229,0,0,0,0,0,0
4033,L51212,L,302.0,310.8,1383,50.3,231,1,0,0,0,1,0
4036,L51215,L,302.0,310.8,1454,36.6,0,0,0,0,0,0,0
4037,L51216,L,302.0,310.8,1445,49.1,2,0,0,0,0,0,0
4038,M18897,M,302.0,310.8,1609,35.2,4,0,0,0,0,0,0
4049,L51228,L,301.9,311.0,2691,12.1,31,1,0,0,1,0,0
4052,L51231,L,301.8,310.8,1383,46.4,37,0,0,0,0,0,0
4059,M18918,M,302.0,310.9,1456,47.2,54,0,0,0,0,0,0
4062,L51241,L,301.9,310.8,1906,21.7,62,0,0,0,0,0,0
4063,L51242,L,302.0,310.9,1446,44.0,64,0,0,0,0,0,0
4068,L51247,L,301.9,310.7,1429,51.0,76,0,0,0,0,0,0
4073,L51252,L,301.9,310.6,1610,33.4,87,0,0,0,0,0,0
4093,H33506,H,302.0,310.5,1812,24.4,138,0,0,0,0,0,0
4104,L51283,L,302.0,310.4,1448,43.4,167,0,0,0,0,0,0
4105,L51284,L,302.1,310.5,1389,49.6,169,0,0,0,0,0,0
4106,L51285,L,302.0,310.6,1583,35.2,171,0,0,0,0,0,0
4112,M18971,M,302.0,310.6,1563,41.0,184,0,0,0,0,0,0
4117,M18976,M,302.0,310.5,1381,58.4,201,0,0,0,0,0,0
4122,M18981,M,302.1,310.7,1364,47.8,213,1,0,1,0,0,0
4127,M18986,M,302.0,310.6,1623,34.3,9,0,0,0,0,0,0
4132,L51311,L,301.9,310.3,1485,46.3,24,0,0,0,0,0,0
4134,L51313,L,301.8,310.3,1765,27.3,29,0,0,0,0,0,0
4145,L51324,L,301.8,310.1,1738,28.0,58,0,0,0,0,0,0
4150,L51329,L,301.9,310.4,1603,37.6,69,0,0,0,0,0,0
4151,L51330,L,301.9,310.4,1610,34.8,71,0,0,0,0,0,0
4157,M19016,M,302.0,310.5,1823,25.1,87,0,0,0,0,0,0
4160,M19019,M,302.0,310.5,1639,32.9,94,0,0,0,0,0,0
4163,L51342,L,302.0,310.4,1591,29.8,105,0,0,0,0,0,0
4167,H33580,H,302.3,310.6,1525,48.7,114,0,0,0,0,0,0
4178,L51357,L,302.5,310.9,1477,39.2,144,0,0,0,0,0,0
4182,M19041,M,302.4,310.7,1521,40.4,152,0,0,0,0,0,0
4192,L51371,L,302.4,311.0,1317,59.4,179,0,0,0,0,0,0
4198,L51377,L,302.4,311.0,1573,36.5,193,0,0,0,0,0,0
4201,L51380,L,302.5,311.1,1571,34.2,201,0,0,0,0,0,0
4202,L51381,L,302.4,311.0,2211,15.4,203,0,0,0,0,0,0
4203,L51382,L,302.4,311.0,1555,40.6,205,0,0,0,0,0,0
4207,M19066,M,302.3,310.8,1721,28.4,215,0,0,0,0,0,0
4212,L51391,L,302.1,310.7,1314,52.8,8,1,0,1,0,0,0
4219,M19078,M,302.0,310.6,1479,40.5,24,0,0,0,0,0,0
4221,M19080,M,301.9,310.6,1260,65.9,29,0,0,0,0,0,0
4223,M19082,M,302.0,310.6,1535,38.6,34,0,0,0,0,0,0
4226,L51405,L,302.1,310.7,1359,49.3,41,1,0,1,0,0,0
4232,L51411,L,302.2,310.8,1340,47.8,54,0,0,0,0,0,0
4238,L51417,L,302.2,311.0,1832,23.2,70,0,0,0,0,0,0
4246,M19105,M,302.6,311.1,1520,43.0,88,0,0,0,0,0,0
4248,L51427,L,302.6,311.0,1369,60.0,93,1,0,1,0,0,0
4250,L51429,L,302.5,310.9,1330,56.9,97,1,0,1,0,0,0
4252,H33665,H,302.5,310.9,1356,55.5,101,1,0,1,0,0,0
4257,M19116,M,302.6,311.0,1591,33.9,119,0,0,0,0,0,0
4267,L51446,L,302.7,311.1,1440,39.5,146,0,0,0,0,0,0
4270,L51449,L,302.6,311.0,1610,39.2,152,0,0,0,0,0,0
4271,L51450,L,302.6,310.9,1331,52.0,154,1,0,1,0,0,0
4272,L51451,L,302.6,310.8,1470,41.2,156,0,0,0,0,0,0
4273,L51452,L,302.5,310.8,1577,36.9,158,0,0,0,0,0,0
4276,M19135,M,302.4,310.5,1500,36.7,164,0,0,0,0,0,0
4278,L51457,L,302.2,310.4,1743,28.1,170,0,0,0,0,0,0
4291,L51470,L,301.8,310.0,1642,32.6,201,0,0,0,0,0,0
4295,M19154,M,301.7,310.1,1743,27.3,210,0,0,0,0,0,0
4300,L51479,L,301.7,310.1,1402,50.1,3,0,0,0,0,0,0
4309,H33722,H,301.4,309.9,1460,47.2,22,0,0,0,0,0,0
4311,L51490,L,301.4,310.0,1776,25.6,30,0,0,0,0,0,0
4317,L51496,L,301.5,310.1,1639,33.4,47,0,0,0,0,0,0
4321,L51500,L,301.7,310.3,1397,44.6,57,0,0,0,0,0,0
4330,L51509,L,301.6,310.0,1566,30.3,79,0,0,0,0,0,0
4335,L51514,L,301.6,309.8,1472,42.5,91,0,0,0,0,0,0
4337,H33750,H,301.6,309.9,1423,53.6,95,0,0,0,0,0,0
4344,L51523,L,301.7,309.8,1491,39.3,114,0,0,0,0,0,0
4346,M19205,M,301.8,309.8,1546,39.8,121,0,0,0,0,0,0
4347,L51526,L,301.8,309.7,1598,30.4,124,0,0,0,0,0,0
4370,H33783,H,302.0,309.9,1735,27.2,192,0,0,0,0,0,0
4384,L51563,L,301.7,309.5,1298,65.5,229,1,0,1,0,1,0
4392,M19251,M,302.2,310.1,1368,51.6,12,1,0,1,0,0,0
4394,M19253,M,302.2,310.1,1572,34.6,17,0,0,0,0,0,0
4396,L51575,L,302.3,310.1,1513,40.4,22,0,0,0,0,0,0
4401,L51580,L,302.3,310.1,1353,50.9,36,1,0,1,0,0,0
4402,H33815,H,302.2,310.0,1468,43.6,38,0,0,0,0,0,0
4408,L51587,L,302.3,310.2,1394,55.4,57,0,0,0,0,0,0
4418,L51597,L,302.6,310.4,1365,66.8,80,1,0,1,1,0,0
4423,M19282,M,302.6,310.2,2157,17.2,94,0,0,0,0,0,0
4424,M19283,M,302.6,310.2,1563,39.0,97,0,0,0,0,0,0
4426,L51605,L,302.5,310.2,1547,36.9,103,0,0,0,0,0,0
4430,M19289,M,302.3,310.1,1731,33.4,112,0,0,0,0,0,0
4434,H33847,H,302.4,310.2,1435,44.9,127,0,0,0,0,0,0
4435,L51614,L,302.4,310.1,1556,32.9,132,0,0,0,0,0,0
4436,L51615,L,302.3,310.1,1321,52.7,134,1,0,1,0,0,0
4440,M19299,M,302.4,310.2,1392,55.8,143,0,0,0,0,0,0
4444,L51623,L,302.5,310.3,1405,57.4,152,0,0,0,0,0,0
4446,L51625,L,302.5,310.2,1716,29.9,156,0,0,0,0,0,0
4449,L51628,L,302.4,310.3,1374,51.2,163,1,0,1,0,0,0
4455,L51634,L,302.4,310.1,1401,48.8,177,0,0,0,0,0,0
4457,L51636,L,302.3,310.1,1487,46.0,184,0,0,0,0,0,0
4465,L51644,L,302.8,310.6,1671,30.5,201,0,0,0,0,0,0
4472,L51651,L,302.8,310.6,1670,29.1,2,0,0,0,0,0,0
4477,L51656,L,302.6,310.4,1415,52.1,12,0,0,0,0,0,0
4478,L51657,L,302.6,310.3,1647,34.2,14,0,0,0,0,0,0
4481,H33894,H,302.7,310.4,1305,55.2,20,1,0,1,0,0,0
4487,M19346,M,302.6,310.5,1965,20.2,40,0,0,0,0,0,0
4490,L51669,L,302.5,310.4,1487,40.2,48,0,0,0,0,0,0
4493,M19352,M,302.6,310.5,1420,56.4,57,0,0,0,0,0,0
4496,L51675,L,302.6,310.4,1359,57.2,67,1,0,1,0,0,0
4498,L51677,L,302.5,310.3,1523,36.0,72,0,0,0,0,0,0
4501,L51680,L,302.6,310.4,1638,36.2,84,0,0,0,0,0,0
4507,M19366,M,302.4,310.1,1520,36.6,97,0,0,0,0,0,0
4519,L51698,L,302.4,310.3,1480,45.8,123,0,0,0,0,0,0
4521,L51700,L,302.4,310.4,1456,47.6,127,0,0,0,0,0,0
4526,M19385,M,302.4,310.4,1463,42.2,139,0,0,0,0,0,0
4528,M19387,M,302.4,310.5,1372,45.7,144,1,0,1,0,0,0
4529,L51708,L,302.5,310.5,1507,39.5,147,0,0,0,0,0,0
4542,L51721,L,302.5,310.4,1427,46.8,179,0,0,0,0,0,0
4560,L51739,L,302.7,310.7,1433,43.7,13,0,0,0,0,0,0
4562,L51741,L,302.9,310.8,1610,32.2,17,0,0,0,0,0,0
4565,L51744,L,302.8,310.8,1516,39.5,23,0,0,0,0,0,0
4568,M19427,M,302.8,310.8,1451,44.7,32,0,0,0,0,0,0
4572,L51751,L,302.8,310.9,1708,29.8,42,0,0,0,0,0,0
4575,M19434,M,302.9,311.0,1402,40.7,52,0,0,0,0,0,0
4578,L51757,L,303.0,311.2,1800,23.7,61,0,0,0,0,0,0
4579,L51758,L,303.0,311.2,1641,32.6,63,0,0,0,0,0,0
4582,L51761,L,303.0,311.2,1601,32.9,69,0,0,0,0,0,0
4584,M19443,M,302.9,311.2,1467,37.7,73,0,0,0,0,0,0
4587,L51766,L,302.7,310.9,1395,48.3,80,0,0,0,0,0,0
4588,M19447,M,302.8,311.0,1507,33.4,82,0,0,0,0,0,0
4589,L51768,L,302.8,311.0,1564,38.5,85,0,0,0,0,0,0
4590,L51769,L,302.8,311.1,1721,30.0,87,0,0,0,0,0,0
4593,L51772,L,302.9,311.1,1555,33.9,96,0,0,0,0,0,0
4600,L51779,L,303.1,311.1,1420,55.8,113,0,0,0,0,0,0
4604,H34017,H,302.9,311.0,1452,58.3,123,0,0,0,0,0,0
4610,L51789,L,303.0,311.2,1456,44.0,142,0,0,0,0,0,0
4617,L51796,L,303.1,311.4,1829,24.5,159,0,0,0,0,0,0
4622,L51801,L,303.0,311.2,1341,51.0,174,1,0,1,0,0,0
4625,M19484,M,303.0,311.1,1428,39.8,181,0,0,0,0,0,0
4626,L51805,L,303.0,311.2,1511,45.7,184,0,0,0,0,0,0
4630,L51809,L,303.0,311.2,1735,26.1,194,0,0,0,0,0,0
4631,L51810,L,302.9,311.2,1751,23.8,196,0,0,0,0,0,0
4640,L51819,L,303.1,311.3,1657,31.8,217,0,0,0,0,0,0
4646,L51825,L,303.3,311.4,1732,25.6,232,0,0,0,0,0,0
4647,L51826,L,303.3,311.4,1497,46.0,234,1,1,0,0,0,0
4648,L51827,L,303.3,311.4,1958,21.5,0,0,0,0,0,0,0
4652,L51831,L,303.2,311.4,1349,51.1,9,1,0,1,0,0,0
4655,M19514,M,303.1,311.0,1510,47.6,16,0,0,0,0,0,0
4665,M19524,M,303.3,311.3,1566,46.1,41,0,0,0,0,0,0
4671,L51850,L,303.2,311.4,1610,35.5,63,0,0,0,0,0,0
4679,H34092,H,303.6,311.7,1476,40.1,85,0,0,0,0,0,0
4683,L51862,L,303.6,311.8,1567,31.7,97,0,0,0,0,0,0
4686,M19545,M,303.6,311.8,1627,30.8,104,0,0,0,0,0,0
4695,L51874,L,303.4,311.5,1424,50.8,128,0,0,0,0,0,0
4700,L51879,L,303.5,311.6,1428,46.2,139,0,0,0,0,0,0
4705,L51884,L,303.7,311.9,1561,33.3,153,0,0,0,0,0,0
4706,L51885,L,303.6,311.8,1614,33.2,155,0,0,0,0,0,0
4718,M19577,M,303.4,311.6,1425,45.4,184,0,0,0,0,0,0
4729,L51908,L,303.4,311.7,1406,47.1,213,0,0,0,0,0,0
4733,L51912,L,303.3,311.7,1539,38.5,221,0,0,0,0,0,0
4735,L51914,L,303.2,311.5,1507,39.2,225,0,0,0,0,0,0
4746,H34159,H,303.2,311.2,1475,43.1,20,0,0,0,0,0,0
4754,H34167,H,303.2,311.4,1607,36.6,43,0,0,0,0,0,0
4759,L51938,L,303.5,311.6,1465,48.7,60,0,0,0,0,0,0
4760,L51939,L,303.5,311.6,1361,46.5,62,1,0,1,0,0,0
4768,L51947,L,303.6,311.9,1473,50.1,84,0,0,0,0,0,0
4780,L51959,L,303.7,312.3,1511,38.9,117,0,0,0,0,0,0
4790,L51969,L,303.8,312.8,1646,35.8,143,0,0,0,0,0,0
4797,L51976,L,303.5,312.4,1390,47.3,164,0,0,0,0,0,0
4798,L51977,L,303.5,312.5,1380,46.1,166,0,0,0,0,0,0
4802,L51981,L,303.5,312.4,1574,32.7,175,0,0,0,0,0,0
4804,L51983,L,303.6,312.5,1710,31.4,180,0,0,0,0,0,0
4807,H34220,H,303.6,312.5,1375,54.0,186,0,0,0,0,0,0
4811,M19670,M,303.4,312.1,1499,39.4,197,0,0,0,0,0,0
4830,L52009,L,303.4,311.9,1491,38.2,26,0,0,0,0,0,0
4833,L52012,L,303.5,312.0,1436,45.1,32,0,0,0,0,0,0
4834,L52013,L,303.4,311.9,1377,41.6,34,1,0,1,0,0,0
4840,H34253,H,303.4,311.9,1402,50.0,54,0,0,0,0,0,0
4844,L52023,L,303.3,311.8,1842,24.5,67,0,0,0,0,0,0
4846,M19705,M,303.3,311.8,1583,33.3,72,0,0,0,0,0,0
4855,L52034,L,303.7,312.2,1568,33.8,96,0,0,0,0,0,0
4856,L52035,L,303.7,312.3,1375,46.2,98,0,0,0,0,0,0
4859,L52038,L,303.7,312.3,1349,51.0,105,0,0,0,0,0,0
4860,L52039,L,303.7,312.4,1535,38.6,107,0,0,0,0,0,0
4864,M19723,M,303.6,312.3,1915,22.3,116,0,0,0,0,0,0
4867,L52046,L,303.6,312.4,1781,28.7,124,0,0,0,0,0,0
4873,L52052,L,303.7,312.4,1316,59.3,137,0,0,0,0,0,0
4881,M19740,M,303.8,312.6,1527,41.9,159,0,0,0,0,0,0
4884,M19743,M,303.8,312.6,1684,29.3,167,0,0,0,0,0,0
4886,H34299,H,303.8,312.5,1748,25.1,175,0,0,0,0,0,0
4889,L52068,L,303.7,312.4,1512,39.2,184,0,0,0,0,0,0
4893,L52072,L,303.7,312.3,1922,23.1,193,0,0,0,0,0,0
4898,H34311,H,303.8,312.5,1525,38.0,209,0,0,0,0,0,0
4901,L52080,L,303.6,312.4,1388,41.9,221,0,0,0,0,0,0
4903,L52082,L,303.6,312.3,1616,29.3,226,0,0,0,0,0,0
4904,L52083,L,303.6,312.4,2232,16.8,0,0,0,0,0,0,0
4906,L52085,L,303.6,312.4,1363,53.1,7,0,0,0,0,0,0
4908,M19767,M,303.6,312.5,1607,33.7,14,0,0,0,0,0,0
4917,H34330,H,303.4,312.3,1769,27.9,40,0,0,0,0,0,0
4922,L52101,L,303.4,312.3,1287,54.8,54,0,0,0,0,0,0
4926,L52105,L,303.4,312.3,1680,30.6,67,0,0,0,0,0,0
4927,L52106,L,303.4,312.3,1502,36.0,69,0,0,0,0,0,0
4938,L52117,L,303.4,312.3,1540,38.7,96,0,0,0,0,0,0
4939,M19798,M,303.5,312.4,1606,30.1,98,0,0,0,0,0,0
4940,L52119,L,303.6,312.5,1286,62.4,101,0,0,0,0,0,0
4942,M19801,M,303.6,312.7,1699,31.5,105,0,0,0,0,0,0
4943,L52122,L,303.5,312.6,1602,34.2,108,0,0,0,0,0,0
4949,M19808,M,303.8,312.7,1500,41.7,125,0,0,0,0,0,0
4953,M19812,M,303.8,312.7,1374,53.6,136,0,0,0,0,0,0
4969,M19828,M,303.9,312.7,1485,43.3,174,0,0,0,0,0,0
4985,L52164,L,303.8,313.1,1256,58.7,213,1,0,0,0,1,0
4986,M19845,M,303.8,313.0,1789,23.5,215,0,0,0,0,0,0
4987,L52166,L,303.7,312.9,1502,40.5,0,0,0,0,0,0,0
4992,M19851,M,303.9,313.0,1475,41.0,11,0,0,0,0,0,0
4997,M19856,M,303.6,312.8,1400,43.2,23,0,0,0,0,0,0
4998,M19857,M,303.6,312.8,2659,11.4,26,1,0,0,1,0,0
5002,M19861,M,303.6,312.7,2174,17.6,37,0,0,0,0,0,0
5018,L52197,L,303.9,313.0,1483,45.0,78,0,0,0,0,0,0
5023,L52202,L,304.0,313.1,1404,47.1,90,0,0,0,0,0,0
5028,L52207,L,304.0,313.3,1294,54.6,102,0,0,0,0,0,0
5034,L52213,L,304.0,313.1,1564,50.9,119,0,0,0,0,0,0
5035,M19894,M,303.9,313.1,1514,41.1,121,0,0,0,0,0,0
5041,H34454,H,304.1,313.2,1586,34.6,139,0,0,0,0,0,0
5058,L52237,L,303.8,312.9,1367,49.9,192,0,0,0,0,0,0
5060,L52239,L,303.9,312.8,1419,47.9,196,0,0,0,0,0,0
5061,L52240,L,304.0,312.8,1542,42.7,198,0,0,0,0,0,0
5064,H34477,H,304.0,312.9,1495,46.6,0,0,0,0,0,0,0
5065,L52244,L,304.0,313.0,1407,42.1,5,0,0,0,0,0,0
5070,M19929,M,304.2,313.2,1380,48.7,17,0,0,0,0,0,0
5072,H34485,H,304.2,313.0,1442,40.9,23,0,0,0,0,0,0
5080,M19939,M,304.2,313.4,1411,54.8,44,0,0,0,0,0,0
5085,L52264,L,304.1,313.1,1969,20.8,59,0,0,0,0,0,0
5086,M19945,M,304.0,313.0,1377,56.0,61,0,0,0,0,0,0
5087,L52266,L,304.0,313.0,1541,45.9,64,0,0,0,0,0,0
5091,M19950,M,303.9,313.2,1570,40.7,74,0,0,0,0,0,0
5093,M19952,M,303.9,313.2,1608,40.6,79,0,0,0,0,0,0
5096,M19955,M,304.1,313.5,1428,39.9,88,0,0,0,0,0,0
5099,L52278,L,304.2,313.4,1475,40.2,98,0,0,0,0,0,0
5102,M19961,M,304.1,313.4,1518,42.4,105,0,0,0,0,0,0
5125,M19984,M,304.2,313.5,1557,37.3,164,0,0,0,0,0,0
5129,L52308,L,304.2,313.4,1434,42.5,175,0,0,0,0,0,0
5130,M19989,M,304.1,313.3,1725,28.3,177,0,0,0,0,0,0
5132,L52311,L,304.1,313.3,1452,43.9,182,0,0,0,0,0,0
5140,M19999,M,304.4,313.6,1510,38.9,199,0,0,0,0,0,0
5142,L52321,L,304.4,313.7,1509,35.0,205,1,1,0,0,0,0
5145,L52324,L,304.4,313.7,1607,33.5,5,0,0,0,0,0,0
5151,L52330,L,304.3,313.5,1590,29.8,17,0,0,0,0,0,0
5159,L52338,L,304.1,313.3,1459,50.3,39,0,0,0,0,0,0
5160,L52339,L,304.2,313.4,1490,44.0,41,0,0,0,0,0,0
5164,M20023,M,304.2,313.4,1713,23.5,50,0,0,0,0,0,0
5166,L52345,L,304.2,313.4,1421,43.4,56,0,0,0,0,0,0
5176,L52355,L,304.2,313.4,1740,23.7,86,0,0,0,0,0,0
5177,M20036,M,304.0,313.3,1844,27.1,88,0,0,0,0,0,0
5181,L52360,L,304.0,313.2,1584,38.7,104,0,0,0,0,0,0
5193,L52372,L,303.9,313.1,1310,62.9,130,0,0,0,0,0,0
5194,H34607,H,304.0,313.1,1408,39.8,132,0,0,0,0,0,0
5196,L52375,L,303.9,313.0,1551,36.8,140,0,0,0,0,0,0
5198,H34611,H,303.8,312.9,1570,35.8,147,0,0,0,0,0,0
5202,M20061,M,303.7,312.7,1396,47.3,158,0,0,0,0,0,0
5215,L52394,L,303.7,312.7,1572,37.2,192,0,0,0,0,0,0
5231,M20090,M,303.8,313.1,2117,18.6,22,0,0,0,0,0,0
5234,L52413,L,303.6,312.9,1450,45.3,29,0,0,0,0,0,0
5243,L52422,L,303.7,313.1,1496,47.4,48,0,0,0,0,0,0
5246,L52425,L,303.6,313.0,1575,38.3,54,0,0,0,0,0,0
5247,L52426,L,303.5,313.0,1465,41.0,56,0,0,0,0,0,0
5262,L52441,L,303.4,312.8,1513,35.8,92,0,0,0,0,0,0
5265,L52444,L,303.4,312.8,1376,53.4,98,0,0,0,0,0,0
5273,M20132,M,303.6,313.0,1396,38.2,117,0,0,0,0,0,0
5274,L52453,L,303.6,313.1,1395,44.1,120,0,0,0,0,0,0
5275,L52454,L,303.6,313.0,1617,30.9,122,0,0,0,0,0,0
5284,L52463,L,303.8,313.2,1525,41.9,145,0,0,0,0,0,0
5289,L52468,L,303.8,313.2,1531,39.4,159,0,0,0,0,0,0
5295,L52474,L,303.9,313.4,1442,48.5,174,0,0,0,0,0,0
5301,M20160,M,303.8,313.2,1710,26.5,190,0,0,0,0,0,0
5303,L52482,L,303.9,313.1,1491,37.2,195,0,0,0,0,0,0
5305,L52484,L,303.9,313.1,1425,49.3,199,0,0,0,0,0,0
5328,M20187,M,303.5,312.7,2116,16.7,45,0,0,0,0,0,0
5331,L52510,L,303.6,312.9,1588,31.9,53,0,0,0,0,0,0
5334,M20193,M,303.5,312.6,1405,51.6,62,0,0,0,0,0,0
5347,L52526,L,303.4,312.7,1534,35.5,98,0,0,0,0,0,0
5350,M20209,M,303.3,312.7,1642,33.6,104,0,0,0,0,0,0
5353,M20212,M,303.4,312.8,1590,36.3,113,0,0,0,0,0,0
5361,L52540,L,303.3,312.6,1463,44.0,140,0,0,0,0,0,0
5370,H34783,H,303.0,312.5,1507,37.9,163,0,0,0,0,0,0
5376,L52555,L,302.9,312.3,1530,34.9,185,0,0,0,0,0,0
5378,L52557,L,302.9,312.4,2030,19.1,192,0,0,0,0,0,0
5381,L52560,L,302.8,312.3,1494,37.5,198,0,0,0,0,0,0
5389,M20248,M,302.8,312.3,1432,49.0,218,0,0,0,0,0,0
5390,L52569,L,302.8,312.3,1366,49.1,221,0,0,0,0,0,0
5395,M20254,M,302.8,312.3,1262,70.5,234,1,0,0,1,1,0
5398,M20257,M,302.8,312.3,1416,42.7,241,0,0,0,0,0,0
5406,L52585,L,302.7,312.4,1444,48.7,9,0,0,0,0,0,0
5407,L52586,L,302.7,312.4,1360,47.8,11,0,0,0,0,0,0
5416,M20275,M,302.6,312.4,1410,50.3,33,0,0,0,0,0,0
5417,L52596,L,302.6,312.3,1660,30.3,36,0,0,0,0,0,0
5421,L52600,L,302.6,312.3,1512,34.2,44,0,0,0,0,0,0
5422,M20281,M,302.6,312.3,1566,36.6,46,0,0,0,0,0,0
5424,L52603,L,302.6,312.3,1647,31.8,52,0,0,0,0,0,0
5429,L52608,L,302.7,312.4,1453,47.3,62,0,0,0,0,0,0
5434,L52613,L,302.9,312.5,1550,45.5,72,0,0,0,0,0,0
5437,M20296,M,302.9,312.5,1679,30.9,79,0,0,0,0,0,0
5467,M20326,M,302.9,312.3,1426,44.7,157,0,0,0,0,0,0
5473,L52652,L,302.8,312.3,1386,57.8,172,0,0,0,0,0,0
5488,M20347,M,302.6,312.1,1611,39.9,210,0,0,0,0,0,0
5490,L52669,L,302.6,312.1,1499,35.0,215,0,0,0,0,0,1
5501,L52680,L,302.7,312.1,1601,35.2,31,0,0,0,0,0,0
5502,L52681,L,302.7,312.1,1543,37.5,33,0,0,0,0,0,0
5504,H34917,H,302.6,312.0,1657,29.3,37,0,0,0,0,0,0
5505,L52684,L,302.8,312.2,1458,51.0,42,0,0,0,0,0,0
5509,L52688,L,302.9,312.2,1367,55.1,50,0,0,0,0,0,0
5522,L52701,L,302.6,311.9,1397,46.9,82,0,0,0,0,0,0
5527,L52706,L,302.5,311.9,1520,44.9,94,0,0,0,0,0,0
5529,L52708,L,302.4,311.8,1384,50.9,99,0,0,0,0,0,0
5530,M20389,M,302.4,311.8,1539,39.9,101,0,0,0,0,0,0
5542,L52721,L,302.4,311.8,1433,42.2,134,0,0,0,0,0,0
5545,L52724,L,302.2,311.7,1471,45.6,140,0,0,0,0,0,0
5549,L52728,L,302.3,311.8,1605,35.2,152,0,0,0,0,0,0
5553,H34966,H,302.5,312.0,1579,35.7,167,0,0,0,0,0,0
5555,M20414,M,302.5,312.0,1521,40.2,174,0,0,0,0,0,0
5556,L52735,L,302.5,312.0,1411,44.2,177,0,0,0,0,0,0
5567,L52746,L,302.4,312.0,1457,45.5,206,0,0,0,0,0,0
5568,M20427,M,302.5,312.0,1445,54.8,0,0,0,0,0,0,0
5569,L52748,L,302.5,312.1,1534,38.6,3,0,0,0,0,0,0
5584,L52763,L,302.5,312.0,1673,29.9,42,0,0,0,0,0,0
5589,M20448,M,302.5,311.8,1566,37.6,54,0,0,0,0,0,0
5591,M20450,M,302.5,311.9,1340,59.4,60,0,0,0,0,0,0
5597,M20456,M,302.7,312.0,1538,36.7,74,0,0,0,0,0,0
5599,L52778,L,302.8,312.1,1441,52.1,79,0,0,0,0,0,0
5606,L52785,L,302.9,312.2,1510,41.4,94,0,0,0,0,0,0
5608,M20467,M,302.9,312.2,1745,25.5,98,0,0,0,0,0,0
5610,M20469,M,303.1,312.4,1378,50.1,104,0,0,0,0,0,0
5612,M20471,M,303.0,312.3,1674,29.5,109,0,0,0,0,0,0
5616,M20475,M,303.0,312.2,1257,71.3,122,1,0,0,1,0,0
5626,L52805,L,302.7,312.1,1728,24.4,146,0,0,0,0,0,0
5631,M20490,M,302.8,312.2,1615,32.9,159,0,0,0,0,0,0
5632,L52811,L,302.8,312.2,1515,36.8,162,0,0,0,0,0,0
5636,L52815,L,302.6,312.1,1502,47.3,171,0,0,0,0,0,0
5646,M20505,M,302.5,312.0,1591,29.4,192,0,0,0,0,0,0
5650,M20509,M,302.5,311.9,1414,51.6,205,0,0,0,0,0,0
5657,M20516,M,302.3,311.5,1316,47.2,4,0,0,0,0,0,0
5658,L52837,L,302.3,311.5,1794,26.1,7,0,0,0,0,0,0
5659,M20518,M,302.2,311.4,1372,55.1,9,0,0,0,0,0,0
5671,L52850,L,302.2,311.5,1424,45.2,39,0,0,0,0,0,0
5672,H35085,H,302.2,311.6,1534,37.2,41,0,0,0,0,0,0
5674,L52853,L,302.2,311.6,1462,50.0,51,0,0,0,0,0,0
5675,M20534,M,302.2,311.7,1393,42.5,53,0,0,0,0,0,0
5676,M20535,M,302.3,311.7,1453,42.5,56,0,0,0,0,0,0
5679,M20538,M,302.2,311.7,1584,36.2,63,0,0,0,0,0,0
5687,L52866,L,302.2,311.6,1658,31.4,89,0,0,0,0,0,0
5689,M20548,M,302.3,311.7,1423,44.6,93,0,0,0,0,0,0
5690,L52869,L,302.4,311.8,1543,31.1,96,0,0,0,0,0,0
5694,M20553,M,302.4,311.8,1453,42.1,105,0,0,0,0,0,0
5698,L52877,L,302.5,311.9,1354,49.4,117,0,0,0,0,0,0
5703,L52882,L,302.3,311.7,1544,43.2,128,0,0,0,0,0,0
5704,H35117,H,302.3,311.7,1456,45.4,130,0,0,0,0,0,0
5705,L52884,L,302.5,311.8,1335,52.7,135,0,0,0,0,0,0
5709,L52888,L,302.3,311.7,1611,38.6,143,0,0,0,0,0,0
5710,L52889,L,302.2,311.7,1556,38.6,145,0,0,0,0,0,0
5712,L52891,L,302.2,311.6,1545,35.9,152,0,0,0,0,0,0
5719,L52898,L,302.4,312.0,1621,32.5,169,0,0,0,0,0,0
5725,L52904,L,302.3,311.8,1433,50.3,183,0,0,0,0,0,0
5728,M20587,M,302.3,311.8,1559,34.4,191,0,0,0,0,0,0
5734,L52913,L,302.3,311.8,1487,43.2,206,0,0,0,0,0,0
5746,L52925,L,302.1,311.5,1987,20.1,21,0,0,0,0,0,0
5749,M20608,M,302.2,311.7,1576,34.0,28,0,0,0,0,0,0
5751,L52930,L,302.2,311.8,1981,21.8,36,0,0,0,0,0,0
5753,H35166,H,302.3,311.8,1804,25.0,43,0,0,0,0,0,0
5765,L52944,L,301.7,311.2,1589,37.9,75,0,0,0,0,0,0
5766,L52945,L,301.7,311.3,1708,30.5,77,0,0,0,0,0,0
5771,L52950,L,301.6,311.2,1408,42.9,89,0,0,0,0,0,0
5776,L52955,L,301.6,311.1,1907,21.5,102,0,0,0,0,0,0
5783,L52962,L,301.7,311.1,1455,39.8,118,0,0,0,0,0,0
5796,M20655,M,301.9,311.4,1465,39.9,153,0,0,0,0,0,0
5797,L52976,L,301.7,311.1,1399,55.1,156,0,0,0,0,0,0
5799,L52978,L,301.5,310.9,1600,39.0,160,0,0,0,0,0,0
5806,M20665,M,301.4,310.9,1557,39.3,174,0,0,0,0,0,0
5809,L52988,L,301.4,311.0,1733,25.7,182,0,0,0,0,0,0
5814,L52993,L,301.2,311.0,1761,29.1,195,0,0,0,0,0,0
5817,L52996,L,301.3,311.0,1582,35.6,202,0,0,0,0,0,0
5819,L52998,L,301.3,311.0,1539,36.9,206,0,0,0,0,0,0
5828,L53007,L,301.3,311.1,1624,40.9,0,0,0,0,0,0,0
5831,M20690,M,301.3,311.2,1438,42.4,7,0,0,0,0,0,0
5837,L53016,L,301.2,311.1,1550,39.7,20,0,0,0,0,0,0
5844,L53023,L,301.5,311.2,1700,28.8,39,0,0,0,0,0,0
5856,M20715,M,301.2,310.9,1424,45.2,68,0,0,0,0,0,0
5859,L53038,L,301.3,311.0,1348,44.5,78,0,0,0,0,0,0
5860,L53039,L,301.3,311.0,1542,33.6,80,0,0,0,0,0,0
5866,M20725,M,301.5,311.1,1402,40.0,94,0,0,0,0,0,0
5875,M20734,M,301.5,311.1,1660,33.8,115,0,0,0,0,0,0
5884,L53063,L,301.4,311.1,1800,26.0,135,0,0,0,0,0,0
5886,L53065,L,301.3,311.1,1647,28.2,140,0,0,0,0,0,0
5893,L53072,L,301.4,311.1,1472,44.5,159,0,0,0,0,0,0
5896,M20755,M,301.2,310.9,1460,46.7,166,0,0,0,0,0,0
5899,L53078,L,301.0,310.7,1300,57.2,174,0,0,0,0,0,0
5901,M20760,M,300.9,310.7,1485,41.0,181,0,0,0,0,0,0
5914,H35327,H,300.7,310.2,1479,52.3,9,0,0,0,0,0,0
5917,L53096,L,300.6,310.2,1555,41.9,19,0,0,0,0,0,0
5919,L53098,L,300.6,310.1,1541,42.0,23,0,0,0,0,0,0
5922,L53101,L,300.5,310.3,1336,57.1,29,0,0,0,0,0,0
5923,L53102,L,300.5,310.3,1435,43.3,31,0,0,0,0,0,0
5930,L53109,L,300.3,310.2,1471,45.2,48,0,0,0,0,0,0
5931,L53110,L,300.3,310.3,1483,51.6,50,0,0,0,0,0,0
5932,L53111,L,300.3,310.4,1336,54.4,52,0,0,0,0,0,0
5936,L53115,L,300.5,310.5,1646,34.5,63,0,0,0,0,0,0
5939,L53118,L,300.5,310.4,1702,33.1,71,0,0,0,0,0,0
5945,M20804,M,300.7,310.6,1484,38.0,84,0,0,0,0,0,0
5952,L53131,L,300.7,310.9,1650,29.4,102,0,0,0,0,0,0
5961,L53140,L,300.5,310.7,1606,33.5,121,0,0,0,0,0,0
5971,L53150,L,300.4,310.8,1520,37.6,151,0,0,0,0,0,0
5975,L53154,L,300.5,310.7,1488,39.4,159,0,0,0,0,0,0
5977,H35390,H,300.5,310.6,1378,51.5,166,0,0,0,0,0,0
5985,H35398,H,300.7,310.8,1346,52.0,193,0,0,0,0,0,0
5986,L53165,L,300.7,310.7,1314,42.4,198,0,0,0,0,0,0
5988,L53167,L,300.7,310.8,1608,39.5,202,0,0,0,0,0,0
5993,L53172,L,300.7,310.6,1288,47.2,216,0,0,0,0,0,0
5995,L53174,L,300.6,310.4,1608,39.2,221,0,0,0,0,0,0
6000,M20859,M,300.4,310.2,1671,30.5,234,1,1,0,0,0,0
6006,L53185,L,300.6,310.5,1570,38.3,14,0,0,0,0,0,0
6009,L53188,L,300.7,310.7,1431,39.3,22,0,0,0,0,0,0
6010,L53189,L,300.6,310.6,1931,22.0,24,0,0,0,0,0,0
6014,L53193,L,300.7,310.8,1597,30.5,38,0,0,0,0,0,0
6029,L53208,L,300.6,310.9,1472,47.6,75,0,0,0,0,0,0
6032,L53211,L,300.6,310.7,1455,40.6,82,0,0,0,0,0,0
6034,L53213,L,300.6,310.9,1471,37.9,86,0,0,0,0,0,0
6047,L53226,L,300.9,311.0,1316,56.5,120,0,0,0,0,0,0
6056,L53235,L,300.7,310.8,1475,42.0,147,0,0,0,0,0,0
6060,L53239,L,300.9,311.0,2235,15.8,156,0,0,0,0,0,0
6064,L53243,L,301.1,311.1,1450,43.3,168,0,0,0,0,0,0
6066,L53245,L,301.0,310.9,1568,38.2,172,0,0,0,0,0,0
6069,M20928,M,301.0,310.9,2047,17.9,178,0,0,0,0,0,0
6070,L53249,L,300.9,310.9,1601,34.0,181,0,0,0,0,0,0
6073,M20932,M,300.9,310.8,1695,30.2,188,0,0,0,0,0,0
6080,M20939,M,300.8,310.7,1371,44.7,205,0,0,0,0,0,0
6082,L53261,L,300.9,310.7,1517,41.7,210,0,0,0,0,0,0
6106,M20965,M,300.8,310.9,1522,46.2,56,0,0,0,0,0,0
6108,L53287,L,300.9,311.0,1438,49.0,61,0,0,0,0,0,0
6111,L53290,L,300.7,310.8,1534,41.3,69,0,0,0,0,0,0
6114,M20973,M,300.7,310.8,1724,30.0,76,0,0,0,0,0,0
6120,L53299,L,300.9,311.1,1471,39.3,91,0,0,0,0,0,0
6121,M20980,M,300.9,311.2,1472,40.0,93,0,0,0,0,0,0
6124,L53303,L,300.9,310.9,1477,41.5,100,0,0,0,0,0,0
6125,M20984,M,300.9,310.9,1727,30.1,102,0,0,0,0,0,0
6144,M21003,M,301.0,310.9,1575,34.6,150,0,0,0,0,0,0
6156,L53335,L,301.0,311.0,1634,31.2,182,0,0,0,0,0,0
6159,L53338,L,301.1,311.0,1677,29.1,188,0,0,0,0,0,0
6164,L53343,L,300.8,310.7,1358,48.1,198,0,0,0,0,0,0
6170,L53349,L,300.7,310.5,1448,38.2,218,0,0,0,0,0,0
6184,H35597,H,301.0,310.9,1495,37.3,21,0,0,0,0,0,0
6191,L53370,L,300.9,310.9,1749,26.4,40,0,0,0,0,0,0
6193,L53372,L,301.0,310.9,1428,45.3,47,0,0,0,0,0,0
6201,L53380,L,301.0,310.9,1679,29.8,64,0,0,0,0,0,0
6208,L53387,L,300.7,310.6,1447,40.7,82,0,0,0,0,0,0
6210,L53389,L,300.7,310.6,1407,40.5,87,0,0,0,0,0,0
6211,L53390,L,300.8,310.5,1434,44.5,89,0,0,0,0,0,0
6219,H35632,H,301.0,310.6,1366,50.6,106,0,0,0,0,0,0
6224,M21083,M,301.1,310.9,1552,37.9,126,0,0,0,0,0,0
6238,L53417,L,301.4,310.9,1414,38.8,162,0,0,0,0,0,0
6240,L53419,L,301.2,310.7,1644,31.6,166,0,0,0,0,0,0
6245,M21104,M,301.0,310.4,1665,30.9,177,0,0,0,0,0,0
6246,L53425,L,300.9,310.4,1445,41.7,180,0,0,0,0,0,0
6270,M21129,M,300.9,310.5,1444,43.2,27,0,0,0,0,0,0
6277,L53456,L,301.2,310.8,1233,64.6,45,0,0,0,0,0,0
6281,M21140,M,301.2,310.7,1527,41.1,53,0,0,0,0,0,0
6284,L53463,L,301.3,310.8,1719,29.5,62,0,0,0,0,0,0
6297,L53476,L,301.0,310.5,1429,39.4,98,0,0,0,0,0,0
6298,M21157,M,301.1,310.5,1309,60.7,100,0,0,0,0,0,0
6303,L53482,L,301.2,310.6,1437,51.2,112,0,0,0,0,0,0
6308,L53487,L,301.0,310.3,1617,34.5,126,0,0,0,0,0,0
6317,L53496,L,300.9,310.4,1544,36.0,148,0,0,0,0,0,0
6322,L53501,L,300.7,310.2,1286,64.9,160,0,0,0,0,0,0
6323,M21182,M,300.7,310.1,1483,40.2,162,0,0,0,0,0,0
6330,M21189,M,300.7,310.0,1641,34.6,178,0,0,0,0,0,0
6334,M21193,M,300.4,309.9,1415,31.8,192,0,0,0,0,0,0
6344,L53523,L,300.2,309.8,1827,23.0,6,0,0,0,0,0,0
6348,L53527,L,300.2,309.7,1421,44.6,17,0,0,0,0,0,0
6358,L53537,L,300.2,309.8,1398,54.8,39,0,0,0,0,0,0
6359,M21218,M,300.2,309.8,1466,45.7,41,0,0,0,0,0,0
6361,L53540,L,300.1,309.7,1441,40.1,46,0,0,0,0,0,0
6372,L53551,L,300.1,309.6,1546,36.7,77,0,0,0,0,0,0
6375,L53554,L,300.0,309.5,1506,38.8,87,0,0,0,0,0,0
6379,L53558,L,300.0,309.6,1514,44.6,98,0,0,0,0,0,0
6386,L53565,L,300.1,309.7,1410,48.3,118,0,0,0,0,0,0
6388,M21247,M,300.2,309.8,1487,39.2,122,0,0,0,0,0,0
6389,H35802,H,300.3,309.9,1509,46.6,125,0,0,0,0,0,0
6395,M21254,M,300.2,309.7,1408,44.0,144,0,0,0,0,0,0
6398,M21257,M,300.0,309.6,1587,32.6,152,0,0,0,0,0,0
6404,L53583,L,300.1,309.6,1649,33.6,168,0,0,0,0,0,0
6405,M21264,M,300.2,309.7,1183,61.4,170,0,0,0,0,0,0
6411,L53590,L,300.4,310.1,1544,41.9,184,0,0,0,0,0,0
6412,M21271,M,300.4,310.0,1560,42.3,186,0,0,0,0,0,0
6416,L53595,L,300.4,310.1,1503,42.2,196,0,0,0,0,0,0
6418,L53597,L,300.3,309.9,1540,39.9,203,0,0,0,0,0,0
6419,H35832,H,300.3,309.9,1405,52.1,205,0,0,0,0,0,0
6421,L53600,L,300.3,309.9,1518,36.4,0,0,0,0,0,0,0
6423,L53602,L,300.3,309.9,1377,55.3,4,0,0,0,0,0,0
6428,L53607,L,300.2,309.8,1418,49.3,16,0,0,0,0,0,0
6429,M21288,M,300.2,309.8,1743,24.1,18,0,0,0,0,0,0
6432,L53611,L,300.2,309.8,1353,59.4,26,0,0,0,0,0,0
6446,L53625,L,300.7,310.3,1662,34.4,57,0,0,0,0,0,0
6460,M21319,M,300.6,310.0,1397,55.2,90,0,0,0,0,0,0
6463,H35876,H,300.6,310.0,1483,44.0,97,0,0,0,0,0,0
6466,M21325,M,300.5,309.8,1416,48.5,110,0,0,0,0,0,0
6467,L53646,L,300.4,309.7,1740,31.1,113,0,0,0,0,0,0
6468,L53647,L,300.4,309.7,1692,27.4,115,0,0,0,0,0,0
6477,L53656,L,300.5,309.7,1384,48.6,141,0,0,0,0,0,0
6479,L53658,L,300.5,309.8,1663,29.1,145,1,0,0,0,0,0
6493,M21352,M,300.8,309.9,1444,46.0,180,0,0,0,0,0,0
6494,L53673,L,300.7,309.8,1363,53.1,183,0,0,0,0,0,0
6502,M21361,M,300.9,310.0,1600,36.0,204,0,0,0,0,0,0
6513,M21372,M,301.1,310.0,1433,48.1,14,0,0,0,0,0,0
6516,L53695,L,301.0,310.0,1480,43.5,21,0,0,0,0,0,0
6525,L53704,L,301.1,310.4,1874,24.8,47,0,0,0,0,0,0
6528,L53707,L,301.2,310.4,1516,44.4,53,0,0,0,0,0,0
6530,L53709,L,301.3,310.6,1481,40.9,57,0,0,0,0,0,0
6538,M21397,M,301.3,310.5,1481,39.7,85,0,0,0,0,0,0
6540,L53719,L,301.4,310.7,1436,54.1,90,0,0,0,0,0,0
6543,L53722,L,301.4,310.8,1543,36.9,97,0,0,0,0,0,0
6545,M21404,M,301.4,310.7,1470,46.5,101,0,0,0,0,0,0
6563,M21422,M,301.5,310.7,1871,21.3,152,0,0,0,0,0,0
6567,L53746,L,301.3,310.6,1966,22.6,161,0,0,0,0,0,0
6569,L53748,L,301.3,310.6,1521,36.3,166,0,0,0,0,0,0
6574,M21433,M,301.4,310.6,1855,25.3,178,0,0,0,0,0,0
6586,M21445,M,301.5,310.5,1600,32.8,205,0,0,0,0,0,0
6587,L53766,L,301.5,310.6,1453,44.0,208,0,0,0,0,0,0
6588,M21447,M,301.6,310.7,1813,24.6,210,0,0,0,0,0,0
6591,L53770,L,301.7,310.7,1763,25.9,3,0,0,0,0,0,0
6594,L53773,L,301.6,310.7,1679,29.5,10,0,0,0,0,0,0
6598,L53777,L,301.5,310.6,1481,46.8,20,0,0,0,0,0,0
6599,L53778,L,301.5,310.7,1424,51.1,22,0,0,0,0,0,0
6601,M21460,M,301.5,310.6,1424,47.0,26,0,0,0,0,0,0
6603,L53782,L,301.5,310.6,1374,46.7,32,0,0,0,0,0,0
6609,M21468,M,301.5,310.4,1593,36.8,50,0,0,0,0,0,0
6611,L53790,L,301.5,310.4,1543,34.0,55,0,0,0,0,0,0
6614,L53793,L,301.7,310.6,1513,41.1,64,0,0,0,0,0,0
6619,M21478,M,301.6,310.6,1309,65.8,75,1,0,0,1,0,0
6624,M21483,M,301.7,310.7,1442,41.1,89,0,0,0,0,0,0
6626,M21485,M,301.6,310.7,1421,44.4,94,0,0,0,0,0,0
6632,M21491,M,301.5,310.4,1378,55.3,109,0,0,0,0,0,0
6637,M21496,M,301.5,310.5,1774,25.5,121,0,0,0,0,0,0
6640,L53819,L,301.4,310.5,1380,48.4,131,0,0,0,0,0,0
6643,L53822,L,301.6,310.6,1431,37.5,137,0,0,0,0,0,0
6646,M21505,M,301.5,310.4,1486,39.6,144,0,0,0,0,0,0
6647,L53826,L,301.5,310.5,1479,34.2,147,0,0,0,0,0,0
6649,L53828,L,301.5,310.4,1488,41.1,151,0,0,0,0,0,0
6650,M21509,M,301.5,310.4,1350,54.9,153,0,0,0,0,0,0
6662,M21521,M,301.3,310.4,1501,39.8,187,0,0,0,0,0,0
6666,L53845,L,301.3,310.4,1440,41.5,197,0,0,0,0,0,0
6667,L53846,L,301.3,310.4,1414,51.4,199,0,0,0,0,0,0
6669,L53848,L,301.4,310.5,1476,39.2,206,0,0,0,0,0,0
6671,L53850,L,301.5,310.6,1998,20.2,210,0,0,0,0,0,0
6676,L53855,L,301.5,310.6,1579,28.0,220,0,0,0,0,0,0
6679,M21538,M,301.5,310.7,1336,65.6,0,1,0,0,1,0,0
6687,L53866,L,301.7,311.0,1715,24.8,17,0,0,0,0,0,0
6689,L53868,L,301.7,311.0,1548,40.3,21,0,0,0,0,0,0
6694,M21553,M,301.8,311.0,1756,26.7,33,0,0,0,0,0,0
6696,M21555,M,301.7,311.0,1311,55.8,39,0,0,0,0,0,0
6720,M21579,M,301.4,310.6,1431,40.6,101,0,0,0,0,0,0
6725,L53904,L,301.3,310.6,1560,36.8,113,0,0,0,0,0,0
6737,L53916,L,301.7,311.0,1527,42.2,144,0,0,0,0,0,0
6738,M21597,M,301.7,311.0,1537,33.5,146,0,0,0,0,0,0
6739,H36152,H,301.8,311.1,1463,50.1,149,0,0,0,0,0,0
6744,L53923,L,301.7,311.2,1418,38.0,166,0,0,0,0,0,0
6746,M21605,M,301.8,311.1,1395,44.6,171,0,0,0,0,0,0
6747,M21606,M,301.7,311.1,1578,40.5,174,0,0,0,0,0,0
6749,H36162,H,301.7,311.0,2016,19.3,180,0,0,0,0,0,0
6757,L53936,L,301.8,311.2,1840,26.6,202,0,0,0,0,0,0
6762,L53941,L,301.5,310.9,1400,50.8,2,0,0,0,0,0,0
6763,L53942,L,301.4,310.8,1362,53.2,4,0,0,0,0,0,0
6767,M21626,M,301.4,311.0,1427,43.2,13,0,0,0,0,0,0
6770,L53949,L,301.2,310.8,1392,52.6,23,0,0,0,0,0,0
6776,L53955,L,301.2,310.6,1670,30.0,40,0,0,0,0,0,0
6781,L53960,L,301.3,310.8,1560,38.5,52,0,0,0,0,0,0
6787,L53966,L,301.2,310.6,1409,50.9,66,0,0,0,0,0,0
6801,M21660,M,301.1,310.6,1310,48.8,103,0,0,0,0,0,0
6802,L53981,L,301.1,310.7,1334,48.2,106,0,0,0,0,0,0
6805,L53984,L,301.0,310.6,1588,33.7,114,0,0,0,0,0,0
6807,L53986,L,301.1,310.8,1608,32.9,119,0,0,0,0,0,0
6808,L53987,L,301.0,310.8,1549,41.4,121,0,0,0,0,0,0
6809,L53988,L,301.0,310.7,1391,45.0,123,0,0,0,0,0,0
6823,M21682,M,300.9,310.6,1709,29.2,158,0,0,0,0,0,0
6825,L54004,L,300.9,310.7,1740,25.3,164,0,0,0,0,0,0
6826,L54005,L,301.0,310.9,1828,25.1,166,0,0,0,0,0,0
6827,L54006,L,301.0,310.9,1822,21.6,168,0,0,0,0,0,0
6829,L54008,L,301.0,310.9,1392,52.9,173,0,0,0,0,0,0
6830,H36243,H,300.9,310.9,1474,35.7,175,0,0,0,0,0,0
6861,L54040,L,301.1,311.2,1910,20.2,41,0,0,0,0,0,0
6863,M21722,M,301.1,311.2,1384,49.4,48,0,0,0,0,0,0
6866,L54045,L,301.1,311.4,1531,38.7,55,0,0,0,0,0,0
6872,L54051,L,301.0,311.3,1349,47.0,71,0,0,0,0,0,0
6881,M21740,M,300.9,311.3,1801,24.6,100,0,0,0,0,0,0
6882,L54061,L,301.0,311.4,1573,37.6,103,0,0,0,0,0,0
6886,L54065,L,300.8,311.2,1397,48.7,111,0,0,0,0,0,0
6887,M21746,M,300.8,311.3,1465,43.2,113,0,0,0,0,0,0
6892,L54071,L,300.9,311.5,1505,41.1,129,0,0,0,0,0,0
6893,L54072,L,301.0,311.6,1440,43.3,131,0,0,0,0,0,0
6896,M21755,M,301.0,311.6,1357,45.6,137,0,0,0,0,0,0
6904,M21763,M,301.0,311.6,1609,35.8,156,0,0,0,0,0,0
6908,L54087,L,300.9,311.3,1449,40.2,168,0,0,0,0,0,0
6912,L54091,L,300.8,311.1,1480,41.1,176,0,0,0,0,0,0
6914,L54093,L,300.8,311.2,1481,38.5,181,0,0,0,0,0,1
6919,L54098,L,301.0,311.5,1559,31.8,195,0,0,0,0,0,0
6924,L54103,L,301.2,311.7,1433,49.3,206,0,0,0,0,0,0
6926,M21785,M,301.1,311.6,1266,55.5,210,0,0,0,0,0,0
6933,L54112,L,300.8,311.4,1322,67.2,18,1,0,0,1,0,0
6937,L54116,L,300.6,311.1,1471,40.7,26,0,0,0,0,0,0
6939,L54118,L,300.7,311.2,1452,44.4,33,0,0,0,0,0,0
6948,M21807,M,300.7,311.3,1562,37.1,58,0,0,0,0,0,0
6950,M21809,M,300.7,311.2,1769,26.5,63,0,0,0,0,0,0
6955,M21814,M,300.8,311.2,1429,52.3,77,0,0,0,0,0,0
6958,L54137,L,300.7,311.1,1324,52.2,85,0,0,0,0,0,0
6961,L54140,L,300.7,311.0,1413,52.0,91,0,0,0,0,0,1
6963,M21822,M,300.7,311.1,1373,49.9,96,0,0,0,0,0,0
6967,L54146,L,300.7,311.0,1969,20.7,109,0,0,0,0,0,0
6968,M21827,M,300.8,311.2,1365,51.7,111,0,0,0,0,0,0
6973,L54152,L,300.7,311.0,1377,49.9,124,0,0,0,0,0,0
6978,L54157,L,300.7,311.1,2377,14.3,135,0,0,0,0,0,0
6984,M21843,M,300.7,311.0,1334,53.9,150,0,0,0,0,0,0
6988,L54167,L,300.7,311.1,2437,13.8,163,0,0,0,0,0,0
6990,M21849,M,300.7,311.1,1608,35.3,167,0,0,0,0,0,0
6992,L54171,L,300.8,311.1,1509,33.4,172,0,0,0,0,0,0
7005,L54184,L,300.5,310.6,1950,20.3,208,0,0,0,0,0,0
7019,M21878,M,300.7,310.7,1377,46.7,36,0,0,0,0,0,0
7030,L54209,L,300.6,310.6,1454,39.7,67,0,0,0,0,0,0
7031,L54210,L,300.7,310.8,1772,27.3,69,0,0,0,0,0,0
7046,M21905,M,300.7,310.6,1609,27.6,108,0,0,0,0,0,0
7055,H36468,H,300.7,310.5,1476,43.1,134,0,0,0,0,0,0
7056,L54235,L,300.8,310.6,1663,30.6,139,0,0,0,0,0,0
7057,M21916,M,300.8,310.5,1409,50.6,141,0,0,0,0,0,0
7067,M21926,M,300.8,310.7,1572,36.2,167,0,0,0,0,0,0
7069,L54248,L,300.8,310.7,1461,42.8,173,0,0,0,0,0,0
7076,L54255,L,300.7,310.5,1536,47.4,192,0,0,0,0,0,0
7084,L54263,L,300.7,310.4,1416,61.8,209,1,0,0,1,1,0
7092,L54271,L,300.6,310.2,1318,51.0,8,0,0,0,0,0,0
7094,H36507,H,300.7,310.3,1369,50.7,12,0,0,0,0,0,0
7095,L54274,L,300.6,310.2,1447,45.9,17,0,0,0,0,0,0
7096,L54275,L,300.6,310.1,1485,49.9,19,0,0,0,0,0,0
7108,H36521,H,300.9,310.5,1512,41.2,49,0,0,0,0,0,0
7114,L54293,L,300.9,310.4,1561,32.7,67,0,0,0,0,0,0
7123,L54302,L,300.9,310.4,1788,27.8,90,0,0,0,0,0,0
7138,M21997,M,300.6,310.0,1486,41.2,127,0,0,0,0,0,0
7146,L54325,L,300.5,310.0,1413,44.5,152,0,0,0,0,0,0
7150,L54329,L,300.2,309.8,1506,41.8,161,0,0,0,0,0,0
7151,L54330,L,300.2,309.8,1401,49.3,163,0,0,0,0,0,0
7154,L54333,L,300.2,310.0,1493,47.3,172,0,0,0,0,0,0
7157,M22016,M,300.2,310.0,1664,30.7,179,0,0,0,0,0,0
7163,L54342,L,300.2,310.2,1378,43.9,193,0,0,0,0,0,0
7165,M22024,M,300.2,310.1,1474,44.0,198,0,0,0,0,0,0
7168,L54347,L,300.3,310.3,1362,60.3,206,1,0,0,0,1,0
7170,L54349,L,300.3,310.2,1492,52.3,2,0,0,0,0,0,0
7171,M22030,M,300.3,310.2,1442,39.5,4,0,0,0,0,0,0
7186,L54365,L,300.3,310.4,1672,29.2,39,0,0,0,0,0,0
7190,L54369,L,300.4,310.4,1486,46.3,48,0,0,0,0,0,0
7196,M22055,M,300.1,310.1,1443,49.3,61,0,0,0,0,0,0
7199,M22058,M,300.0,309.9,1530,34.5,71,0,0,0,0,0,0
7203,L54382,L,300.0,309.7,1326,61.9,80,0,0,0,0,0,0
7207,L54386,L,299.8,309.7,1457,51.9,89,0,0,0,0,0,0
7211,M22070,M,299.8,309.6,1331,50.2,98,0,0,0,0,0,0
7214,M22073,M,299.8,309.8,1427,45.2,106,0,0,0,0,0,0
7218,L54397,L,299.9,309.8,1716,28.2,117,0,0,0,0,0,0
7219,H36632,H,299.9,309.8,1400,48.7,119,0,0,0,0,0,0
7225,L54404,L,299.8,309.6,1598,31.0,139,0,0,0,0,0,0
7227,L54406,L,299.7,309.6,1399,51.3,144,0,0,0,0,0,0
7228,L54407,L,299.7,309.6,1720,27.1,146,0,0,0,0,0,0
7229,H36642,H,299.8,309.7,1368,47.4,148,0,0,0,0,0,0
7235,M22094,M,299.8,310.0,1397,48.1,164,0,0,0,0,0,0
7237,M22096,M,299.8,310.0,1460,37.1,169,0,0,0,0,0,0
7245,L54424,L,300.0,310.2,1760,26.9,193,0,0,0,0,0,0
7253,H36666,H,300.2,310.4,1501,42.9,212,0,0,0,0,0,0
7254,L54433,L,300.3,310.5,1522,39.1,217,0,0,0,0,0,0
7264,L54443,L,300.4,310.6,1429,46.9,19,0,0,0,0,0,0
7267,L54446,L,300.4,310.5,1578,32.8,26,0,0,0,0,0,0
7270,M22129,M,300.4,310.5,1540,33.4,32,0,0,0,0,0,0
7285,M22144,M,300.1,310.3,1345,57.1,71,0,0,0,0,0,0
7286,M22145,M,300.2,310.4,1202,61.7,74,0,0,0,0,0,0
7293,M22152,M,300.1,310.4,1556,38.1,92,0,0,0,0,0,0
7294,L54473,L,300.1,310.5,1627,29.2,95,0,0,0,0,0,0
7297,H36710,H,300.0,310.4,1881,21.9,102,0,0,0,0,0,0
7300,L54479,L,300.1,310.5,1492,50.9,111,0,0,0,0,0,0
7306,M22165,M,300.0,310.5,1790,25.7,123,0,0,0,0,0,0
7311,L54490,L,300.0,310.5,1606,33.5,135,0,0,0,0,0,0
7312,H36725,H,300.0,310.5,1558,36.7,137,0,0,0,0,0,0
7314,L54493,L,299.9,310.4,1408,38.4,144,0,0,0,0,0,0
7315,L54494,L,299.9,310.3,1268,53.3,146,0,0,0,0,0,0
7320,L54499,L,299.8,310.2,1654,32.7,159,0,0,0,0,0,0
7326,L54505,L,299.9,310.4,1419,45.7,178,0,0,0,0,0,0
7330,M22189,M,299.9,310.4,1576,34.3,188,0,0,0,0,0,0
7333,M22192,M,299.8,310.3,1805,23.7,198,0,0,0,0,0,0
7335,L54514,L,299.8,310.4,1694,30.3,204,0,0,0,0,0,0
7338,L54517,L,299.9,310.5,1539,32.8,213,0,0,0,0,0,0
7340,L54519,L,299.8,310.4,1579,36.4,0,0,0,0,0,0,0
7354,L54533,L,299.8,310.3,1687,30.4,33,0,0,0,0,0,0
7355,M22214,M,299.7,310.3,1429,47.7,35,0,0,0,0,0,0
7360,M22219,M,299.4,310.0,1512,43.2,47,0,0,0,0,0,0
7365,L54544,L,299.5,309.9,1402,51.7,58,0,0,0,0,0,0
7366,L54545,L,299.6,310.1,2057,20.4,60,0,0,0,0,0,0
7381,L54560,L,299.6,310.2,1743,24.8,99,0,0,0,0,0,0
7401,M22260,M,299.6,310.6,1633,34.2,151,0,0,0,0,0,0
7405,L54584,L,299.8,310.8,1553,32.2,161,0,0,0,0,0,0
7410,L54589,L,299.8,310.9,2084,17.6,175,0,0,0,0,0,0
7425,M22284,M,300.1,311.4,1575,29.8,210,0,0,0,0,0,0
7428,L54607,L,300.0,311.4,1634,31.9,0,0,0,0,0,0,0
7430,L54609,L,300.0,311.4,1590,33.6,5,0,0,0,0,0,0
7444,H36857,H,300.1,311.6,1589,37.9,37,0,0,0,0,0,0
7451,L54630,L,300.3,311.8,1451,41.0,55,0,0,0,0,0,0
7458,L54637,L,300.1,311.6,1530,36.6,74,0,0,0,0,0,0
7467,H36880,H,300.3,311.6,1801,23.6,97,0,0,0,0,0,0
7471,L54650,L,300.4,311.6,1332,54.6,111,0,0,0,0,0,0
7475,L54654,L,300.3,311.7,1989,22.3,121,0,0,0,0,0,0
7484,L54663,L,300.2,311.6,1671,28.8,149,0,0,0,0,0,0
7492,L54671,L,300.4,311.8,1320,57.9,168,0,0,0,0,0,0
7497,L54676,L,300.2,311.8,1464,44.5,179,0,0,0,0,0,0
7507,L54686,L,300.5,311.9,1511,41.8,205,0,0,0,0,0,0
7514,L54693,L,300.4,311.8,2261,14.9,5,0,0,0,0,0,0
7516,M22375,M,300.4,311.9,1335,58.3,9,0,0,0,0,0,0
7522,M22381,M,300.2,311.6,1467,40.7,23,0,0,0,0,0,0
7528,L54707,L,300.1,311.3,1470,45.2,40,0,0,0,0,0,0
7535,L54714,L,300.0,311.2,1418,47.3,60,0,0,0,0,0,0
7536,L54715,L,300.0,311.2,1629,31.7,62,0,0,0,0,0,0
7537,L54716,L,300.1,311.3,2579,12.5,64,1,0,0,1,0,0
7540,L54719,L,300.2,311.3,1487,36.9,71,0,0,0,0,0,0
7544,L54723,L,300.3,311.5,1446,45.0,82,0,0,0,0,0,0
7548,L54727,L,300.1,311.4,1430,40.9,93,0,0,0,0,0,0
7550,L54729,L,300.3,311.4,1544,41.6,97,0,0,0,0,0,0
7554,L54733,L,300.3,311.3,1505,39.6,107,0,0,0,0,0,0
7560,M22419,M,300.4,311.4,1355,56.2,122,0,0,0,0,0,0
7568,M22427,M,300.2,311.0,2370,14.7,144,0,0,0,0,0,0
7582,M22441,M,300.4,311.2,1366,56.1,177,0,0,0,0,0,0
7583,H36996,H,300.4,311.2,1489,45.3,180,0,0,0,0,0,0
7584,L54763,L,300.3,311.1,1480,46.6,185,0,0,0,0,0,0
7588,L54767,L,300.4,311.1,1405,54.1,193,0,0,0,0,0,0
7593,M22452,M,300.5,311.2,1551,36.6,205,0,0,0,0,0,0
7599,L54778,L,300.5,311.1,1491,42.6,11,0,0,0,0,0,0
7601,M22460,M,300.4,311.0,1595,35.4,15,0,0,0,0,0,0
7605,L54784,L,300.4,311.3,1639,34.6,24,0,0,0,0,0,0
7606,H37019,H,300.4,311.3,2026,20.3,26,0,0,0,0,0,0
7610,L54789,L,300.5,311.3,1490,41.8,39,0,0,0,0,0,0
7624,L54803,L,300.6,311.7,1734,29.9,72,0,0,0,0,0,0
7637,L54816,L,300.4,311.5,1704,29.7,103,0,0,0,0,0,0
7646,L54825,L,300.4,311.4,1662,29.3,129,0,0,0,0,0,0
7648,L54827,L,300.4,311.4,1728,31.7,133,0,0,0,0,0,0
7649,L54828,L,300.4,311.4,1552,28.8,135,0,0,0,0,0,0
7651,L54830,L,300.3,311.4,1343,57.7,142,0,0,0,0,0,0
7664,L54843,L,300.5,311.6,1385,54.8,173,0,0,0,0,0,0
7667,M22526,M,300.6,311.7,1424,50.8,182,0,0,0,0,0,0
7668,L54847,L,300.6,311.7,1528,43.9,185,0,0,0,0,0,0
7687,M22546,M,300.7,311.7,1504,36.9,229,0,0,0,0,0,0
7692,M22551,M,300.5,311.5,1370,56.1,7,0,0,0,0,0,0
7695,H37108,H,300.6,311.7,1500,36.7,17,0,0,0,0,0,0
7702,H37115,H,300.8,311.7,1468,38.7,39,0,0,0,0,0,0
7705,M22564,M,300.6,311.6,1630,31.8,52,0,0,0,0,0,0
7709,L54888,L,300.5,311.4,1709,32.3,64,0,0,0,0,0,0
7710,L54889,L,300.5,311.4,1445,41.5,66,0,0,0,0,0,0
7712,L54891,L,300.4,311.4,1309,55.5,71,0,0,0,0,0,0
7713,L54892,L,300.5,311.5,1499,37.6,73,0,0,0,0,0,0
7724,L54903,L,300.5,311.6,1730,30.2,106,0,0,0,0,0,0
7725,M22584,M,300.5,311.6,1454,41.4,108,0,0,0,0,0,0
7733,L54912,L,300.6,312.0,1430,42.7,130,0,0,0,0,0,0
7734,L54913,L,300.6,312.0,1481,40.9,132,0,0,0,0,0,0
7749,L54928,L,300.4,311.7,1515,47.4,170,0,0,0,0,0,0
7756,M22615,M,300.4,311.8,1362,47.6,188,0,0,0,0,0,0
7757,L54936,L,300.5,311.8,1368,57.9,191,1,0,0,0,1,0
7766,H37179,H,300.3,311.6,1427,56.2,8,0,0,0,0,0,0
7767,L54946,L,300.3,311.4,1318,52.7,13,0,0,0,0,0,0
7768,H37181,H,300.2,311.4,1319,54.6,15,0,0,0,0,0,0
7769,M22628,M,300.2,311.4,1960,20.9,20,0,0,0,0,0,0
7771,L54950,L,300.3,311.5,1548,32.2,25,0,0,0,0,0,0
7772,L54951,L,300.3,311.6,1709,29.5,27,0,0,0,0,0,0
7774,L54953,L,300.3,311.4,1759,24.8,34,0,0,0,0,0,0
7786,L54965,L,300.2,311.5,1383,42.1,60,0,0,0,0,0,0
7792,L54971,L,300.1,311.4,1418,47.7,73,0,0,0,0,0,0
7808,M22667,M,300.0,311.5,1451,49.0,115,0,0,0,0,0,0
7811,L54990,L,300.1,311.5,2218,17.0,123,0,0,0,0,0,0
7812,M22671,M,300.0,311.4,1466,39.0,125,0,0,0,0,0,0
7813,L54992,L,300.0,311.5,1666,32.0,128,0,0,0,0,0,0
7815,L54994,L,300.0,311.4,1927,24.6,132,0,0,0,0,0,0
7816,M22675,M,299.9,311.3,1703,28.4,134,0,0,0,0,0,0
7821,M22680,M,299.8,311.2,1706,29.2,148,0,0,0,0,0,0
7822,L55001,L,299.9,311.3,1802,24.4,151,0,0,0,0,0,0
7824,L55003,L,300.0,311.3,1484,53.2,158,0,0,0,0,0,0
7834,L55013,L,300.0,311.4,1604,38.7,185,0,0,0,0,0,0
7835,L55014,L,300.0,311.4,1483,45.6,187,0,0,0,0,0,0
7836,L55015,L,300.1,311.5,1549,34.7,189,0,0,0,0,0,0
7841,L55020,L,300.2,311.6,1606,31.0,199,0,0,0,0,0,0
7846,L55025,L,300.2,311.8,1798,23.2,210,0,0,0,0,0,0
7850,M22709,M,300.3,311.7,1374,47.9,222,1,1,0,0,0,0
7851,M22710,M,300.3,311.7,1447,36.8,0,0,0,0,0,0,0
7853,L55032,L,300.3,311.7,1515,37.5,5,0,0,0,0,0,0
7856,M22715,M,300.3,311.8,1592,32.1,11,0,0,0,0,0,0
7862,L55041,L,300.5,312.0,1498,42.9,25,0,0,0,0,0,0
7865,L55044,L,300.5,311.9,1330,59.5,33,0,0,0,0,0,0
7866,L55045,L,300.5,311.9,1383,50.5,35,0,0,0,0,0,0
7870,M22729,M,300.5,312.0,1779,27.7,46,0,0,0,0,0,0
7873,L55052,L,300.6,312.3,1532,37.2,54,0,0,0,0,0,0
7876,L55055,L,300.7,312.3,1898,24.0,60,0,0,0,0,0,0
7884,H37297,H,300.7,312.3,1446,45.4,86,0,0,0,0,0,0
7891,L55070,L,300.8,312.4,1767,25.6,105,0,0,0,0,0,0
7894,L55073,L,300.9,312.7,1416,43.8,112,0,0,0,0,0,0
7896,L55075,L,300.8,312.6,1422,50.0,117,0,0,0,0,0,0
7903,M22762,M,300.7,312.3,1430,47.2,131,0,0,0,0,0,0
7905,M22764,M,300.8,312.4,1811,25.1,136,0,0,0,0,0,0
7911,M22770,M,300.8,312.2,1664,25.7,150,0,0,0,0,0,0
7912,L55091,L,300.7,312.1,1512,36.9,153,0,0,0,0,0,0
7913,L55092,L,300.7,312.1,1498,44.0,155,0,0,0,0,0,0
7916,H37329,H,300.8,312.1,1527,35.1,164,0,0,0,0,0,0
7917,L55096,L,300.8,312.1,1512,37.1,169,0,0,0,0,0,0
7918,L55097,L,300.9,312.1,1474,42.4,171,0,0,0,0,0,0
7919,L55098,L,300.8,312.1,1505,41.3,173,0,0,0,0,0,0
7921,L55100,L,300.8,312.0,1382,49.3,177,0,0,0,0,0,0
7923,L55102,L,300.7,311.9,1462,39.7,181,0,0,0,0,0,0
7924,M22783,M,300.8,312.0,1450,45.0,183,0,0,0,0,0,0
7928,L55107,L,300.7,311.9,1476,42.0,196,0,0,0,0,0,0
7930,M22789,M,300.6,311.6,1669,29.2,200,0,0,0,0,0,0
7931,L55110,L,300.6,311.6,1455,48.0,203,0,0,0,0,0,0
7933,L55112,L,300.7,311.8,1478,41.9,207,0,0,0,0,0,0
7949,L55128,L,300.8,311.7,1479,39.4,18,0,0,0,0,0,0
7950,M22809,M,300.7,311.5,1569,36.4,20,0,0,0,0,0,0
7957,H37370,H,300.9,311.9,1513,38.0,38,0,0,0,0,0,0
7960,L55139,L,301.0,312.1,1585,32.3,50,0,0,0,0,0,0
7962,L55141,L,301.0,312.2,1264,59.0,57,0,0,0,0,0,0
7964,L55143,L,301.0,312.2,1510,39.9,61,0,0,0,0,0,0
7979,L55158,L,301.2,312.4,1480,53.5,97,0,0,0,0,0,0
7981,M22840,M,301.2,312.4,1505,39.6,102,0,0,0,0,0,0
7984,L55163,L,301.0,312.2,1601,33.0,109,0,0,0,0,0,0
7994,L55173,L,301.1,312.3,1595,31.9,134,0,0,0,0,0,0
7996,L55175,L,301.0,312.2,1776,28.8,138,0,0,0,0,0,0
8004,M22863,M,300.8,312.0,1274,67.3,159,0,0,0,0,0,0
8006,L55185,L,300.8,312.0,1477,37.3,164,0,0,0,0,0,0
8010,H37423,H,300.9,312.0,2129,17.8,173,0,0,0,0,0,0
8016,M22875,M,301.0,312.0,1558,37.5,190,0,0,0,0,0,0
8019,L55198,L,301.0,311.9,1889,23.5,198,0,0,0,0,0,0
8026,M22885,M,300.8,312.0,1422,50.7,219,0,0,0,0,0,0
8031,L55210,L,300.6,312.0,1490,42.2,3,0,0,0,0,0,0
8037,L55216,L,300.7,311.7,1460,46.1,15,0,0,0,0,0,0
8038,L55217,L,300.7,311.8,1603,34.1,17,0,0,0,0,0,0
8043,L55222,L,300.8,311.9,1486,45.1,30,0,0,0,0,0,0
8046,M22905,M,300.7,311.9,1366,55.1,36,0,0,0,0,0,0
8047,L55226,L,300.6,311.8,1471,41.4,39,0,0,0,0,0,0
8048,L55227,L,300.6,311.9,1463,38.2,41,0,0,0,0,0,0
8057,L55236,L,300.1,311.5,1499,43.4,65,0,0,0,0,0,0
8059,L55238,L,300.3,311.6,1515,44.9,69,0,0,0,0,0,0
8077,L55256,L,300.3,311.8,1360,48.0,119,0,0,0,0,0,0
8080,L55259,L,300.2,311.5,1528,36.1,125,0,0,0,0,0,0
8085,L55264,L,300.2,311.4,1483,44.4,141,0,0,0,0,0,0
8086,L55265,L,300.2,311.4,1331,49.8,143,0,0,0,0,0,0
8087,L55266,L,300.2,311.4,1463,37.5,145,0,0,0,0,0,0
8091,L55270,L,300.1,311.4,1910,23.0,153,0,0,0,0,0,0
8105,L55284,L,300.3,311.9,1692,31.5,187,0,0,0,0,0,0
8113,M22972,M,300.4,311.8,1442,45.1,0,0,0,0,0,0,0
8120,L55299,L,300.3,311.7,1333,55.2,18,0,0,0,0,0,0
8124,H37537,H,300.2,311.5,1515,36.8,27,0,0,0,0,0,0
8128,M22987,M,300.1,311.3,1650,33.8,38,0,0,0,0,0,0
8129,L55308,L,300.1,311.4,1629,31.3,41,0,0,0,0,0,0
8132,H37545,H,299.9,311.2,1364,49.6,50,0,0,0,0,0,0
8135,L55314,L,299.7,311.1,1650,32.4,60,0,0,0,0,0,0
8145,M23004,M,299.7,311.0,1506,42.7,85,0,0,0,0,0,0
8154,L55333,L,299.6,310.8,1507,42.4,108,0,0,0,0,0,0
8155,L55334,L,299.6,310.7,1393,52.1,110,0,0,0,0,0,0
8159,L55338,L,299.6,310.8,1400,40.8,118,0,0,0,0,0,0
8164,L55343,L,299.7,311.1,1574,36.4,135,0,0,0,0,0,0
8175,L55354,L,299.9,311.3,1371,52.3,167,0,0,0,0,0,0
8179,L55358,L,299.7,311.2,1352,52.1,176,0,0,0,0,0,0
8182,L55361,L,299.7,311.2,1835,23.7,183,0,0,0,0,0,0
8184,L55363,L,299.8,311.1,1452,47.3,188,0,0,0,0,0,0
8185,L55364,L,299.8,311.1,2144,17.7,190,0,0,0,0,0,0
8186,L55365,L,299.7,311.1,1554,41.0,192,0,0,0,0,0,0
8193,L55372,L,299.6,310.9,1229,65.2,209,1,0,0,0,1,0
8202,M23061,M,299.3,310.9,1826,25.1,2,0,0,0,0,0,0
8203,L55382,L,299.3,310.9,1669,32.4,5,0,0,0,0,0,0
8210,L55389,L,299.3,310.8,1391,46.9,21,0,0,0,0,0,0
8220,L55399,L,299.0,310.4,1504,34.3,48,0,0,0,0,0,0
8227,L55406,L,299.1,310.5,1389,61.4,64,0,0,0,0,0,0
8228,M23087,M,299.1,310.4,1524,51.4,66,0,0,0,0,0,0
8235,L55414,L,299.2,310.6,1534,39.7,83,0,0,0,0,0,0
8238,L55417,L,299.1,310.6,1796,26.0,90,0,0,0,0,0,0
8248,L55427,L,299.0,310.4,1713,28.0,116,0,0,0,0,0,0
8259,L55438,L,299.1,310.6,1602,39.7,144,0,0,0,0,0,0
8262,H37675,H,299.2,310.6,1434,48.4,153,0,0,0,0,0,0
8266,H37679,H,299.1,310.6,1791,28.0,168,0,0,0,0,0,0
8270,H37683,H,299.2,310.8,1761,30.4,180,0,0,0,0,0,0
8273,L55452,L,298.9,310.6,1363,52.6,190,0,0,0,0,0,0
8278,H37691,H,298.8,310.5,1294,55.8,202,0,0,0,0,0,0
8280,L55459,L,298.8,310.6,1803,25.4,209,0,0,0,0,0,0
8281,L55460,L,298.8,310.6,1602,39.1,211,0,0,0,0,0,0
8283,M23142,M,298.9,310.7,1638,33.6,218,0,0,0,0,0,0
8285,L55464,L,298.8,310.6,1651,33.3,0,0,0,0,0,0,0
8289,M23148,M,298.8,310.6,1640,33.8,9,0,0,0,0,0,0
8296,L55475,L,298.9,310.4,1739,26.3,30,0,0,0,0,0,0
8298,M23157,M,298.8,310.2,1595,33.1,34,0,0,0,0,0,0
8302,M23161,M,298.7,310.1,1644,34.1,46,0,0,0,0,0,0
8306,H37719,H,298.8,310.1,1380,44.0,56,0,0,0,0,0,0
8307,M23166,M,298.7,310.1,1549,42.5,61,0,0,0,0,0,0
8309,L55488,L,298.7,310.1,1401,45.3,67,0,0,0,0,0,0
8314,M23173,M,298.8,310.0,1484,44.9,80,0,0,0,0,0,0
8324,H37737,H,298.7,309.5,1453,40.4,108,0,0,0,0,0,0
8325,M23184,M,298.7,309.5,1394,46.0,113,0,0,0,0,0,0
8333,L55512,L,298.8,309.7,1529,44.0,136,0,0,0,0,0,0
8337,L55516,L,298.9,309.7,1449,48.8,147,0,0,0,0,0,0
8348,L55527,L,298.7,309.6,1665,31.1,178,0,0,0,0,0,0
8352,M23211,M,298.7,309.6,1686,26.2,189,0,0,0,0,0,0
8354,L55533,L,298.7,309.6,1442,55.6,194,0,0,0,0,0,0
8358,L55537,L,298.5,309.5,1385,46.3,203,1,1,0,0,0,0
8359,L55538,L,298.7,309.7,1547,37.4,0,0,0,0,0,0,0
8364,L55543,L,298.8,309.7,1582,45.0,11,0,0,0,0,0,0
8373,M23232,M,298.8,309.7,1448,44.8,31,0,0,0,0,0,0
8377,L55556,L,298.8,309.8,1334,49.3,42,0,0,0,0,0,0
8378,L55557,L,298.8,309.7,1336,50.3,44,0,0,0,0,0,0
8381,L55560,L,298.9,310.0,1776,25.7,51,0,0,0,0,0,0
8383,L55562,L,298.9,310.0,1719,27.3,58,0,0,0,0,0,0
8389,L55568,L,298.9,309.9,1365,46.5,75,0,0,0,0,0,0
8393,M23252,M,298.5,309.6,1502,39.4,84,0,0,0,0,0,0
8401,L55580,L,298.6,309.6,1533,40.7,106,0,0,0,0,0,0
8405,L55584,L,298.4,309.5,1545,36.6,117,0,0,0,0,0,0
8406,M23265,M,298.4,309.5,1484,41.7,119,0,0,0,0,0,0
8408,L55587,L,298.4,309.5,1357,50.1,125,0,0,0,0,0,0
8409,M23268,M,298.5,309.6,1572,33.0,127,0,0,0,0,0,0
8414,M23273,M,298.6,309.7,1422,49.7,139,0,0,0,0,0,0
8415,L55594,L,298.6,309.8,1842,20.1,142,0,0,0,0,0,0
8416,M23275,M,298.7,309.9,1434,53.0,144,0,0,0,0,0,0
8424,L55603,L,299.0,310.4,1452,46.2,168,0,0,0,0,0,0
8426,L55605,L,299.2,310.6,1567,38.4,172,0,0,0,0,0,0
8429,M23288,M,299.0,310.3,1827,28.0,178,0,0,0,0,0,0
8436,M23295,M,298.7,310.0,1519,38.1,198,0,0,0,0,0,0
8444,M23303,M,298.6,309.9,1668,32.3,6,0,0,0,0,0,0
8445,M23304,M,298.6,309.9,1818,24.9,9,0,0,0,0,0,0
8446,M23305,M,298.6,310.0,1541,36.9,12,0,0,0,0,0,0
8450,L55629,L,298.4,309.9,1725,27.8,21,0,0,0,0,0,0
8452,L55631,L,298.5,310.0,1435,42.5,25,0,0,0,0,0,0
8454,L55633,L,298.6,309.9,1564,37.1,30,0,0,0,0,0,0
8459,L55638,L,298.7,309.9,1753,26.8,40,0,0,0,0,0,0
8460,L55639,L,298.7,309.9,1651,29.5,42,0,0,0,0,0,0
8465,H37878,H,298.6,309.7,1672,27.5,54,0,0,0,0,0,0
8466,M23325,M,298.7,309.8,1475,40.5,59,0,0,0,0,0,0
8468,L55647,L,298.6,309.8,1704,28.3,64,0,0,0,0,0,0
8470,M23329,M,298.6,309.7,1280,64.1,71,0,0,0,0,0,0
8477,L55656,L,298.5,309.6,1585,32.2,89,0,0,0,0,0,0
8482,M23341,M,298.3,309.4,1595,29.0,103,0,0,0,0,0,0
8490,L55669,L,298.4,309.4,1461,46.3,121,0,0,0,0,0,0
8495,L55674,L,298.3,309.5,1542,36.7,134,0,0,0,0,0,0
8504,L55683,L,298.5,309.8,1468,40.9,157,0,0,0,0,0,0
8505,L55684,L,298.4,309.7,1419,41.3,159,0,0,0,0,0,0
8514,M23373,M,298.2,309.5,1478,36.5,182,0,0,0,0,0,0
8519,M23378,M,298.3,309.6,1681,27.1,194,0,0,0,0,0,0
8520,L55699,L,298.3,309.6,1420,44.1,197,0,0,0,0,0,0
8524,H37937,H,298.3,309.3,1529,41.7,5,0,0,0,0,0,0
8525,L55704,L,298.3,309.4,1468,46.2,10,0,0,0,0,0,0
8534,M23393,M,298.6,309.4,1465,41.1,30,0,0,0,0,0,0
8536,L55715,L,298.6,309.5,1547,44.8,36,0,0,0,0,0,0
8539,L55718,L,298.5,309.4,1548,37.7,43,0,0,0,0,0,0
8540,L55719,L,298.5,309.4,1517,40.2,45,0,0,0,0,0,0
8542,L55721,L,298.5,309.5,1738,25.2,49,0,0,0,0,0,0
8543,H37956,H,298.4,309.4,1512,35.3,51,0,0,0,0,0,0
8545,H37958,H,298.5,309.4,2011,21.0,59,0,0,0,0,0,0
8550,L55729,L,298.3,309.3,1558,37.2,73,0,0,0,0,0,0
8552,M23411,M,298.2,309.1,1457,49.0,77,0,0,0,0,0,0
8565,M23424,M,298.0,308.7,1614,30.7,106,0,0,0,0,0,0
8567,M23426,M,297.9,308.7,1751,26.6,111,0,0,0,0,0,0
8568,L55747,L,298.0,308.7,1511,45.8,114,0,0,0,0,0,0
8579,L55758,L,297.5,308.2,1489,40.7,141,0,0,0,0,0,0
8584,L55763,L,297.4,308.0,1423,38.0,154,0,0,0,0,0,0
8585,L55764,L,297.4,307.9,1390,47.7,156,0,0,0,0,0,0
8590,M23449,M,297.3,307.8,1538,48.0,171,0,0,0,0,0,0
8597,L55776,L,297.5,308.2,1327,56.5,189,0,0,0,0,0,0
8617,L55796,L,297.6,308.6,1355,46.4,13,0,0,0,0,0,0
8619,L55798,L,297.7,308.7,1829,24.9,17,0,0,0,0,0,0
8631,L55810,L,297.4,308.4,1371,57.4,52,0,0,0,0,0,0
8638,L55817,L,297.5,308.5,1459,39.7,69,0,0,0,0,0,0
8639,L55818,L,297.6,308.5,1572,35.9,71,0,0,0,0,0,0
8640,L55819,L,297.5,308.4,1384,56.0,73,0,0,0,0,0,0
8644,L55823,L,297.5,308.5,1448,54.3,83,0,0,0,0,0,0
8646,M23505,M,297.6,308.6,1492,35.5,88,0,0,0,0,0,0
8655,M23514,M,297.4,308.4,1441,46.8,116,0,0,0,0,0,0
8663,L55842,L,297.5,308.6,1514,36.9,134,0,0,0,0,0,0
8666,L55845,L,297.6,308.7,1365,50.6,143,0,0,0,0,0,0
8672,L55851,L,297.5,308.8,1530,37.8,157,0,0,0,0,0,0
8675,M23534,M,297.4,308.6,1528,29.1,163,0,0,0,0,0,0
8678,M23537,M,297.3,308.5,1664,28.9,174,0,0,0,0,0,0
8685,L55864,L,297.2,308.5,1588,40.4,190,0,0,0,0,0,0
8690,L55869,L,297.1,308.4,1543,39.6,205,0,0,0,0,0,0
8699,H38112,H,297.3,308.7,1438,46.2,16,0,0,0,0,0,0
8707,L55886,L,297.2,308.6,1335,53.0,39,0,0,0,0,0,0
8711,L55890,L,297.1,308.5,1712,32.1,48,0,0,0,0,0,0
8714,L55893,L,297.2,308.6,1917,24.1,54,0,0,0,0,0,0
8719,L55898,L,297.2,308.7,1509,39.3,66,0,0,0,0,0,0
8726,M23585,M,297.1,308.5,1515,42.1,81,0,0,0,0,0,0
8731,H38144,H,297.3,308.7,1569,33.9,93,0,0,0,0,0,0
8740,H38153,H,297.4,308.7,1429,37.6,118,0,0,0,0,0,0
8743,L55922,L,297.4,308.8,1467,39.0,128,0,0,0,0,0,0
8744,H38157,H,297.4,308.7,1323,51.1,130,0,0,0,0,0,0
8754,M23613,M,297.4,308.6,1657,33.1,156,0,0,0,0,0,0
8755,L55934,L,297.4,308.6,1635,30.5,159,0,0,0,0,0,0
8758,L55937,L,297.5,308.8,1587,34.9,166,0,0,0,0,0,0
8759,M23618,M,297.5,308.7,1446,53.0,168,0,0,0,0,0,0
8766,L55945,L,297.4,308.8,1353,49.4,188,0,0,0,0,0,0
8768,L55947,L,297.5,308.6,1380,53.5,192,0,0,0,0,0,0
8770,M23629,M,297.4,308.6,1452,41.2,197,0,0,0,0,0,0
8772,L55951,L,297.5,308.6,1536,39.0,202,0,0,0,0,0,0
8776,H38189,H,297.5,308.6,1536,38.7,7,0,0,0,0,0,0
8779,L55958,L,297.5,308.7,1454,45.0,19,0,0,0,0,0,0
8793,L55972,L,297.4,308.5,1418,51.2,52,0,0,0,0,0,0
8794,L55973,L,297.4,308.5,1782,25.9,54,0,0,0,0,0,0
8800,L55979,L,297.3,308.4,1472,41.3,67,0,0,0,0,0,0
8806,M23665,M,297.4,308.6,1469,42.6,80,0,0,0,0,0,0
8807,L55986,L,297.4,308.5,1692,34.3,83,0,0,0,0,0,0
8813,M23672,M,297.2,308.4,1378,41.9,97,0,0,0,0,0,0
8821,L56000,L,297.3,308.7,1551,40.0,125,0,0,0,0,0,0
8823,L56002,L,297.4,308.8,1462,49.7,132,0,0,0,0,0,0
8824,M23683,M,297.3,308.8,1447,57.4,134,0,0,0,0,0,0
8833,L56012,L,297.4,308.8,1651,34.1,163,0,0,0,0,0,0
8836,H38249,H,297.4,308.8,1324,53.5,169,0,0,0,0,0,0
8846,M23705,M,297.4,308.9,1348,59.1,201,0,0,0,0,0,0
8850,L56029,L,297.5,308.9,1596,30.7,5,0,0,0,0,0,0
8856,L56035,L,297.7,308.9,1662,28.1,19,0,0,0,0,0,0
8857,M23716,M,297.7,308.9,1327,63.7,21,0,0,0,0,0,0
8864,L56043,L,298.0,309.2,1731,28.7,38,0,0,0,0,0,0
8865,M23724,M,298.0,309.1,1574,34.8,40,0,0,0,0,0,0
8867,H38280,H,297.9,308.9,1416,39.6,45,0,0,0,0,0,0
8878,M23737,M,298.1,309.2,1460,45.8,80,0,0,0,0,0,0
8895,M23754,M,297.5,308.7,1546,38.0,123,0,0,0,0,0,0
8898,M23757,M,297.3,308.7,1577,35.6,133,0,0,0,0,0,0
8913,L56092,L,297.2,308.5,1446,43.7,171,0,0,0,0,0,0
8919,L56098,L,297.1,308.2,1402,51.2,186,0,0,0,0,0,0
8924,M23783,M,297.0,308.1,1363,45.3,196,0,0,0,0,0,0
8941,H38354,H,297.3,308.3,1935,19.3,24,0,0,0,0,0,0
8944,M23803,M,297.3,308.4,1449,44.4,34,0,0,0,0,0,0
8946,L56125,L,297.4,308.2,1639,33.8,39,0,0,0,0,0,0
8956,M23815,M,297.4,308.0,1355,55.1,63,0,0,0,0,0,0
8958,L56137,L,297.4,308.1,1348,53.7,68,0,0,0,0,0,0
8960,L56139,L,297.3,308.0,1420,46.5,73,0,0,0,0,0,0
8963,L56142,L,297.3,307.9,1628,30.2,80,0,0,0,0,0,0
8971,L56150,L,297.0,307.6,1575,37.4,98,0,0,0,0,0,0
8972,L56151,L,296.9,307.6,1514,35.7,100,0,0,0,0,0,0
8975,L56154,L,296.8,307.5,1474,42.4,107,0,0,0,0,0,0
8982,L56161,L,297.0,307.7,1502,39.4,126,0,0,0,0,0,0
8985,L56164,L,297.1,307.8,1406,60.4,133,0,0,0,0,0,0
8986,L56165,L,297.1,307.8,1584,42.3,135,0,0,0,0,0,0
8992,M23851,M,297.3,308.0,1598,29.4,148,0,0,0,0,0,0
8998,M23857,M,297.1,307.9,1609,38.9,166,0,0,0,0,0,0
9006,L56185,L,297.2,307.9,1337,58.1,184,0,0,0,0,0,0
9007,L56186,L,297.3,307.9,1417,41.8,186,0,0,0,0,0,0
9019,L56198,L,297.3,308.1,1615,35.4,217,1,1,0,0,0,0
9021,L56200,L,297.3,308.2,1553,33.5,2,0,0,0,0,0,0
9025,L56204,L,297.4,308.3,1366,45.5,11,0,0,0,0,0,0
9028,M23887,M,297.4,308.3,1444,44.0,18,0,0,0,0,0,0
9034,L56213,L,297.4,308.2,1386,41.0,35,0,0,0,0,0,0
9037,L56216,L,297.3,308.3,1519,37.7,45,0,0,0,0,0,0
9042,L56221,L,297.3,308.3,1309,61.5,56,0,0,0,0,0,0
9049,M23908,M,297.3,308.4,1370,50.5,71,0,0,0,0,0,0
9054,M23913,M,297.4,308.5,1638,32.2,84,0,0,0,0,0,0
9057,L56236,L,297.3,308.3,1430,41.9,95,0,0,0,0,0,0
9059,M23918,M,297.2,308.3,1326,57.2,100,0,0,0,0,0,0
9060,L56239,L,297.2,308.3,1805,25.6,103,0,0,0,0,0,0
9063,L56242,L,297.2,308.3,1576,35.3,113,0,0,0,0,0,0
9073,H38486,H,297.2,308.1,1770,27.2,140,0,0,0,0,0,0
9076,L56255,L,297.3,308.1,1506,36.0,150,0,0,0,0,0,0
9086,H38499,H,297.1,307.9,1365,54.0,174,0,0,0,0,0,0
9090,L56269,L,297.2,307.9,1989,20.3,186,0,0,0,0,0,0
9093,L56272,L,297.3,308.1,1568,34.4,194,0,0,0,0,0,0
9094,M23953,M,297.3,308.1,1709,30.6,196,0,0,0,0,0,0
9096,L56275,L,297.3,308.1,1458,45.7,202,0,0,0,0,0,0
9107,L56286,L,297.4,308.3,1854,21.8,24,0,0,0,0,0,0
9112,L56291,L,297.6,308.6,1351,51.0,37,0,0,0,0,0,0
9137,L56316,L,297.7,308.7,1694,29.1,102,0,0,0,0,0,0
9139,L56318,L,297.6,308.6,1522,37.0,106,0,0,0,0,0,0
9147,L56326,L,297.6,308.6,1528,40.0,123,0,0,0,0,0,0
9155,L56334,L,297.5,308.6,1596,36.0,141,0,0,0,0,0,0
9162,M24021,M,297.5,308.5,1612,30.0,163,0,0,0,0,0,0
9166,L56345,L,297.6,308.6,1326,62.4,173,0,0,0,0,0,0
9167,M24026,M,297.6,308.6,1390,53.4,175,0,0,0,0,0,0
9170,L56349,L,297.7,308.8,1896,24.5,186,0,0,0,0,0,0
9173,L56352,L,297.7,308.9,1715,27.2,193,0,0,0,0,0,0
9174,H38587,H,297.8,308.9,1650,32.2,195,0,0,0,0,0,0
9185,L56364,L,298.0,309.2,1665,36.6,22,0,0,0,0,0,0
9187,L56366,L,297.9,309.0,1629,29.0,26,0,0,0,0,0,0
9190,L56369,L,297.9,309.1,1595,32.0,32,0,0,0,0,0,0
9192,M24051,M,297.9,309.0,1970,21.6,37,0,0,0,0,0,0
9212,M24071,M,298.0,309.0,1409,49.1,85,0,0,0,0,0,0
9217,H38630,H,297.7,308.8,1469,43.7,96,0,0,0,0,0,0
9218,L56397,L,297.8,308.8,1421,49.6,101,0,0,0,0,0,0
9219,L56398,L,297.7,308.8,1354,50.2,103,0,0,0,0,0,0
9220,M24079,M,297.7,308.8,1350,57.0,105,0,0,0,0,0,0
9224,L56403,L,297.9,309.0,1382,43.9,116,0,0,0,0,0,0
9225,L56404,L,297.9,309.0,1450,46.8,118,0,0,0,0,0,0
9230,M24089,M,298.1,309.0,2042,17.8,129,0,0,0,0,0,0
9235,L56414,L,298.3,309.1,1904,20.3,140,0,0,0,0,0,0
9241,M24100,M,298.1,308.7,1362,49.6,158,0,0,0,0,0,0
9249,M24108,M,298.3,309.1,1488,40.6,176,0,0,0,0,0,0
9250,L56429,L,298.3,309.0,1657,32.2,179,0,0,0,0,0,0
9256,L56435,L,298.2,309.0,1651,31.5,197,0,0,0,0,0,0
9266,M24125,M,298.3,308.9,1390,49.7,23,0,0,0,0,0,0
9267,L56446,L,298.2,308.9,1737,25.5,26,0,0,0,0,0,0
9277,L56456,L,298.1,308.7,1691,30.3,49,0,0,0,0,0,0
9282,L56461,L,298.2,308.9,1336,45.0,66,0,0,0,0,0,0
9285,L56464,L,298.2,308.9,1683,31.7,74,0,0,0,0,0,0
9292,L56471,L,298.2,309.0,1353,57.8,89,0,0,0,0,0,0
9300,M24159,M,298.1,308.9,1335,50.4,110,0,0,0,0,0,0
9305,L56484,L,298.3,309.1,1537,43.0,123,0,0,0,0,0,0
9306,H38719,H,298.3,309.1,1646,30.2,125,0,0,0,0,0,0
9311,L56490,L,298.4,309.3,1549,40.8,139,0,0,0,0,0,0
9312,L56491,L,298.4,309.4,1540,43.2,141,0,0,0,0,0,0
9314,L56493,L,298.5,309.4,1418,45.1,148,0,0,0,0,0,0
9315,M24174,M,298.5,309.4,1565,33.7,150,0,0,0,0,0,0
9316,L56495,L,298.5,309.5,1569,41.0,153,0,0,0,0,0,0
9332,L56511,L,298.4,308.9,1496,37.9,194,0,0,0,0,0,0
9336,L56515,L,298.4,308.9,1501,50.0,203,0,0,0,0,0,0
9337,L56516,L,298.5,308.9,1725,31.9,205,0,0,0,0,0,0
9345,L56524,L,298.2,308.8,1616,33.7,16,0,0,0,0,0,0
9348,M24207,M,298.2,308.7,1426,42.6,23,0,0,0,0,0,0
9349,L56528,L,298.2,308.7,1436,49.1,26,0,0,0,0,0,0
9350,M24209,M,298.2,308.7,1599,36.2,28,0,0,0,0,0,0
9351,L56530,L,298.2,308.7,2186,17.8,31,0,0,0,0,0,0
9356,L56535,L,298.3,308.9,1708,28.0,42,0,0,0,0,0,0
9373,L56552,L,297.7,308.4,1487,41.4,84,0,0,0,0,0,0
9379,L56558,L,297.6,308.3,1816,28.8,106,0,0,0,0,0,0
9384,H38797,H,297.5,308.1,1548,38.2,117,0,0,0,0,0,0
9388,H38801,H,297.4,307.9,1390,52.0,131,0,0,0,0,0,0
9389,M24248,M,297.5,307.9,1544,37.9,136,0,0,0,0,0,0
9393,L56572,L,297.6,308.1,1437,46.3,149,0,0,0,0,0,0
9395,L56574,L,297.7,308.2,1334,53.0,156,0,0,0,0,0,0
9403,L56582,L,297.7,308.1,1734,30.7,177,0,0,0,0,0,0
9405,L56584,L,297.7,308.2,2007,19.3,181,0,0,0,0,0,0
9408,L56587,L,297.8,308.3,1435,50.1,189,0,0,0,0,0,0
9410,L56589,L,298.0,308.5,1664,28.3,196,0,0,0,0,0,0
9423,L56602,L,298.1,308.5,1665,29.6,20,0,0,0,0,0,0
9438,M24297,M,298.1,308.7,1527,43.0,56,0,0,0,0,0,0
9443,M24302,M,298.1,308.8,1394,47.9,70,0,0,0,0,0,0
9444,H38857,H,298.0,308.8,1411,53.8,73,0,0,0,0,0,0
9454,H38867,H,298.2,309.0,1360,56.8,107,0,0,0,0,0,0
9455,L56634,L,298.4,309.2,1583,35.4,112,0,0,0,0,0,0
9460,L56639,L,298.4,309.1,1579,36.1,123,0,0,0,0,0,0
9464,M24323,M,298.5,309.3,1552,36.8,133,0,0,0,0,0,0
9466,M24325,M,298.6,309.4,1460,43.8,138,0,0,0,0,0,0
9468,L56647,L,298.6,309.3,1702,27.6,143,0,0,0,0,0,0
9473,M24332,M,298.7,309.4,1375,48.3,157,0,0,0,0,0,0
9481,M24340,M,298.9,309.6,1434,43.8,180,0,0,0,0,0,0
9490,L56669,L,298.9,309.7,1407,41.9,207,0,0,0,0,0,0
9496,H38909,H,299.3,310.0,1373,44.8,221,0,0,0,0,0,0
9498,H38911,H,299.1,309.9,1443,40.3,0,0,0,0,0,0,0
9502,L56681,L,299.3,310.3,1396,47.4,14,0,0,0,0,0,0
9513,L56692,L,299.0,310.2,1575,37.8,42,0,0,0,0,0,0
9514,M24373,M,299.0,310.2,1598,33.4,44,0,0,0,0,0,0
9533,L56712,L,299.2,310.5,1384,48.7,93,0,0,0,0,0,0
9542,M24401,M,299.5,310.8,1754,31.3,114,0,0,0,0,0,0
9549,L56728,L,299.6,311.1,1521,37.2,131,0,0,0,0,0,0
9561,L56740,L,299.6,310.9,1487,42.5,164,0,0,0,0,0,0
9566,M24425,M,299.8,311.1,1498,38.1,176,0,0,0,0,0,0
9579,L56758,L,299.4,310.7,1551,41.2,3,0,0,0,0,0,0
9580,L56759,L,299.5,310.7,1589,33.5,5,0,0,0,0,0,0
9585,L56764,L,299.3,310.5,1529,41.3,17,0,0,0,0,0,0
9586,M24445,M,299.3,310.5,1563,42.1,19,0,0,0,0,0,0
9588,M24447,M,299.3,310.5,1462,40.5,24,0,0,0,0,0,0
9589,H39002,H,299.3,310.4,1510,45.5,27,0,0,0,0,0,0
9590,L56769,L,299.2,310.4,1472,43.3,32,0,0,0,0,0,0
9598,L56777,L,298.9,310.1,1510,38.0,52,0,0,0,0,0,0
9600,L56779,L,299.0,310.1,1463,37.4,56,0,0,0,0,0,0
9604,M24463,M,298.9,310.1,1549,40.2,65,0,0,0,0,0,0
9605,H39018,H,299.0,310.2,1637,38.0,68,0,0,0,0,0,0
9608,L56787,L,298.9,310.1,1571,36.8,78,0,0,0,0,0,0
9619,L56798,L,299.0,310.1,1447,42.8,104,0,0,0,0,0,0
9621,L56800,L,298.9,310.0,1470,45.9,109,0,0,0,0,0,0
9623,L56802,L,298.9,310.0,1794,27.2,114,0,0,0,0,0,0
9630,H39043,H,299.0,310.1,2053,19.7,137,0,0,0,0,0,0
9635,L56814,L,299.1,310.2,1425,52.7,154,0,0,0,0,0,0
9642,L56821,L,299.3,310.4,1365,53.9,171,0,0,0,0,0,0
9645,L56824,L,299.3,310.4,1629,32.6,177,0,0,0,0,0,0
9649,L56828,L,299.1,310.1,1416,41.2,185,0,0,0,0,0,0
9655,L56834,L,299.1,310.0,1367,56.3,203,1,0,0,0,1,0
9681,L56860,L,299.1,310.1,1894,24.2,22,0,0,0,0,0,0
9688,M24547,M,299.1,310.1,1649,31.6,41,0,0,0,0,0,0
9691,M24550,M,298.9,310.0,1520,35.6,48,0,0,0,0,0,0
9692,L56871,L,299.0,310.0,1582,31.9,51,0,0,0,0,0,0
9697,L56876,L,298.9,309.9,1404,39.8,62,0,0,0,0,0,0
9698,M24557,M,298.8,309.8,1413,45.5,64,0,0,0,0,0,0
9699,L56878,L,298.8,309.8,1663,28.2,67,0,0,0,0,0,0
9704,L56883,L,298.9,310.0,1422,43.6,78,0,0,0,0,0,0
9706,L56885,L,298.9,310.0,1482,41.1,82,0,0,0,0,0,0
9707,M24566,M,299.0,310.1,1705,30.1,84,0,0,0,0,0,0
9711,L56890,L,299.1,310.1,1336,61.3,94,0,0,0,0,0,0
9715,L56894,L,299.1,310.1,1894,20.1,106,0,0,0,0,0,0
9718,L56897,L,298.9,309.9,1500,44.2,115,0,0,0,0,0,0
9719,L56898,L,298.9,309.9,1517,36.6,117,0,0,0,0,0,0
9721,M24580,M,298.9,309.9,1357,54.5,121,0,0,0,0,0,0
9724,L56903,L,298.8,309.8,1599,33.6,131,0,0,0,0,0,0
9726,M24585,M,298.7,309.7,1629,27.9,136,0,0,0,0,0,0
9734,M24593,M,298.9,310.1,1442,42.9,153,0,0,0,0,0,0
9747,L56926,L,298.8,310.0,1403,45.6,185,0,0,0,0,0,0
9749,M24608,M,298.9,310.1,1441,41.2,189,0,0,0,0,0,0
9758,M24617,M,298.6,309.9,1517,34.0,215,0,0,0,0,0,0
9764,M24623,M,298.6,309.6,1635,29.7,9,0,0,0,0,0,0
9766,L56945,L,298.6,309.6,1472,39.1,14,0,0,0,0,0,0
9771,H39184,H,298.6,309.5,1584,31.8,27,0,0,0,0,0,0
9773,L56952,L,298.5,309.5,1561,34.8,35,0,0,0,0,0,0
9776,M24635,M,298.6,309.5,1684,27.8,44,0,0,0,0,0,0
9781,M24640,M,298.8,309.8,1477,46.7,59,0,0,0,0,0,0
9797,H39210,H,298.4,309.3,1694,30.9,111,0,0,0,0,0,0
9802,M24661,M,298.4,309.3,1496,45.6,129,0,0,0,0,0,0
9804,L56983,L,298.4,309.2,1692,29.8,137,0,0,0,0,0,0
9818,M24677,M,298.5,309.3,1465,42.4,173,0,0,0,0,0,0
9829,L57008,L,298.4,309.4,1385,50.0,201,0,0,0,0,0,0
9835,M24694,M,298.3,309.1,1632,32.7,0,0,0,0,0,0,0
9838,M24697,M,298.4,309.3,1355,50.6,8,0,0,0,0,0,0
9839,L57018,L,298.4,309.2,1425,45.5,11,0,0,0,0,0,0
9845,H39258,H,298.3,309.1,1484,37.0,28,0,0,0,0,0,0
9851,M24710,M,298.5,309.3,1498,34.6,46,0,0,0,0,0,0
9858,M24717,M,298.6,309.5,1366,55.0,65,0,0,0,0,0,0
9862,M24721,M,298.7,309.6,1800,24.8,78,0,0,0,0,0,0
9865,M24724,M,298.9,309.9,1645,31.4,86,0,0,0,0,0,0
9868,L57047,L,299.0,309.9,1411,44.7,94,0,0,0,0,0,0
9881,L57060,L,298.8,309.8,1753,27.5,130,0,0,0,0,0,0
9884,H39297,H,298.7,309.6,1654,34.3,136,0,0,0,0,0,0
9887,L57066,L,298.8,309.6,1903,22.3,145,0,0,0,0,0,0
9893,H39306,H,298.9,309.7,1407,48.6,161,0,0,0,0,0,0
9907,M24766,M,298.6,309.1,1587,37.3,203,0,0,0,0,0,0
9909,L57088,L,298.6,309.0,1456,47.7,0,0,0,0,0,0,0
9911,L57090,L,298.6,309.0,1469,46.0,4,0,0,0,0,0,0
9938,L57117,L,298.3,308.1,1505,46.1,80,0,0,0,0,0,0
9940,H39353,H,298.3,308.1,2636,12.8,84,0,0,0,0,0,0
9961,L57140,L,298.2,307.8,1575,35.0,137,0,0,0,0,0,0
9963,L57142,L,298.2,307.9,1429,49.4,141,0,0,0,0,0,0
9966,L57145,L,298.3,307.9,1703,28.9,147,0,0,0,0,0,0
9969,L57148,L,298.4,308.0,1605,32.4,154,0,0,0,0,0,0
9972,H39385,H,298.5,308.2,1563,44.6,163,0,0,0,0,0,0
9975,L57154,L,298.6,308.2,1361,68.2,172,1,0,0,1,1,0
9976,M24835,M,298.6,308.3,1589,34.1,174,0,0,0,0,0,0
9981,L57160,L,298.6,308.4,1559,36.6,188,0,0,0,0,0,0
9982,L57161,L,298.7,308.5,1353,47.0,190,0,0,0,0,0,0
9986,H39399,H,298.7,308.5,1572,35.6,202,0,0,0,0,0,0
9994,L57173,L,298.8,308.4,1401,47.3,10,0,0,0,0,0,0
